Series Name,Series Code,Country Name,Country Code,1990 [YR1990],2000 [YR2000],2015 [YR2015],2016 [YR2016],2017 [YR2017],2018 [YR2018],2019 [YR2019],2020 [YR2020],2021 [YR2021],2022 [YR2022],2023 [YR2023],2024 [YR2024]
"Primary completion rate, total (% of relevant age group)",SE.PRM.CMPT.ZS,Afghanistan,AFG,..,..,..,82.9104614257812,87.2533264160156,88.7355194091797,86.1755218505859,..,..,..,..,..
"Primary completion rate, total (% of relevant age group)",SE.PRM.CMPT.ZS,Albania,ALB,..,..,98.7887878417969,99.5973587036133,106.449691772461,102.894180297852,98.717529296875,99.2719268798828,97.2184371948242,101.176277160645,95.1351470947266,..
"Primary completion rate, total (% of relevant age group)",SE.PRM.CMPT.ZS,Algeria,DZA,81.423957824707,82.3719024658203,98.1254730224609,100.489837646484,102.320610046387,102.68798828125,99.7298889160156,102.240936279297,99.7526779174805,94.7113876342773,99.678840637207,..
"Primary completion rate, total (% of relevant age group)",SE.PRM.CMPT.ZS,American Samoa,ASM,..,..,..,..,..,..,..,..,..,..,..,..
"Primary completion rate, total (% of relevant age group)",SE.PRM.CMPT.ZS,Andorra,AND,..,..,66.0949935913086,68.4967269897461,65.8163299560547,66.7091827392578,64.2213592529297,62.7099685668945,62.0689697265625,..,69.3333282470703,..
"Primary completion rate, total (% of relevant age group)",SE.PRM.CMPT.ZS,Angola,AGO,..,..,..,..,..,..,..,..,59.6232604980469,61.0302848815918,..,..
"Primary completion rate, total (% of relevant age group)",SE.PRM.CMPT.ZS,Antigua and Barbuda,ATG,..,..,100.388198852539,102.687744140625,107.80876159668,104.444442749023,104.976669311523,..,..,..,..,..
"Primary completion rate, total (% of relevant age group)",SE.PRM.CMPT.ZS,Argentina,ARG,..,99.7241821289062,106.053131103516,106.544448852539,101.581809997559,100.281806945801,100.38289642334,103.837791442871,105.479530334473,103.231628417969,..,..
"Primary completion rate, total (% of relevant age group)",SE.PRM.CMPT.ZS,Armenia,ARM,..,..,94.2263793945312,105.009422302246,102.763427734375,100.23706817627,97.2270965576172,101.986747741699,100.631843566895,92.1473693847656,92.5063171386719,..
"Primary completion rate, total (% of relevant age group)",SE.PRM.CMPT.ZS,Aruba,ABW,..,87.6526489257812,..,..,..,98.0972518920898,108.233528137207,103.185188293457,100.936767578125,95.0197601318359,..,..
"Primary completion rate, total (% of relevant age group)",SE.PRM.CMPT.ZS,Australia,AUS,..,..,..,..,..,..,..,..,..,..,..,..
"Primary completion rate, total (% of relevant age group)",SE.PRM.CMPT.ZS,Austria,AUT,..,..,99.3965225219727,97.1509704589844,98.6491775512695,97.7539825439453,99.4589767456055,97.6123962402344,99.8165130615234,97.1591720581055,..,..
"Primary completion rate, total (% of relevant age group)",SE.PRM.CMPT.ZS,Azerbaijan,AZE,..,89.5135116577148,103.280212402344,111.301910400391,107.172172546387,100.219947814941,100.383338928223,98.5337295532227,96.5635528564453,99.7032775878906,96.2334136962891,..
"Primary completion rate, total (% of relevant age group)",SE.PRM.CMPT.ZS,"Bahamas, The",BHS,..,..,..,..,..,..,..,..,..,..,..,..
"Primary completion rate, total (% of relevant age group)",SE.PRM.CMPT.ZS,Bahrain,BHR,..,84.368293762207,99.3720779418945,100.38671875,99.9090576171875,98.9089508056641,99.6566772460938,..,..,92.9442291259766,89.368766784668,..
"Primary completion rate, total (% of relevant age group)",SE.PRM.CMPT.ZS,Bangladesh,BGD,..,..,..,..,..,..,..,..,120.082885742188,107.697937011719,108.210327148438,..
"Primary completion rate, total (% of relevant age group)",SE.PRM.CMPT.ZS,Barbados,BRB,..,97.8817672729492,..,..,..,86.7227783203125,82.1641235351562,94.0690002441406,100.244201660156,91.7237091064453,96.7363815307617,..
"Primary completion rate, total (% of relevant age group)",SE.PRM.CMPT.ZS,Belarus,BLR,88.5965423583984,103.682693481445,94.0976409912109,94.376838684082,95.6138229370117,96.756591796875,99.1110763549805,95.6100616455078,93.5405120849609,93.2138977050781,92.6165313720703,..
"Primary completion rate, total (% of relevant age group)",SE.PRM.CMPT.ZS,Belgium,BEL,..,..,..,..,..,..,..,..,..,..,..,..
"Primary completion rate, total (% of relevant age group)",SE.PRM.CMPT.ZS,Belize,BLZ,..,98.5516815185547,105.614219665527,105.759300231934,102.703048706055,104.474479675293,102.765281677246,105.195671081543,112.92658996582,105.755889892578,94.3330688476562,..
"Primary completion rate, total (% of relevant age group)",SE.PRM.CMPT.ZS,Benin,BEN,18.2962799072266,36.3207397460938,78.0327072143555,77.419189453125,..,..,61.7928314208984,60.2596817016602,70.7910232543945,64.5733337402344,..,..
"Primary completion rate, total (% of relevant age group)",SE.PRM.CMPT.ZS,Bermuda,BMU,..,..,104.99195098877,..,..,..,..,..,..,..,..,..
"Primary completion rate, total (% of relevant age group)",SE.PRM.CMPT.ZS,Bhutan,BTN,..,54.8527603149414,94.7904281616211,96.6217575073242,94.9668121337891,84.5854797363281,75.7329788208008,82.713996887207,90.5886001586914,78.2863311767578,..,..
"Primary completion rate, total (% of relevant age group)",SE.PRM.CMPT.ZS,Bolivia,BOL,..,..,89.5214462280273,90.0554275512695,91.360710144043,94.1732788085938,90.8282089233398,92.1121826171875,..,96.5441131591797,96.2025909423828,..
"Primary completion rate, total (% of relevant age group)",SE.PRM.CMPT.ZS,Bosnia and Herzegovina,BIH,..,..,91.679443359375,90.8496475219727,90.4990997314453,88.4528198242188,91.3700790405273,90.1913833618164,88.8229522705078,87.0107116699219,86.3567733764648,..
"Primary completion rate, total (% of relevant age group)",SE.PRM.CMPT.ZS,Botswana,BWA,90.6565704345703,87.9329528808594,..,..,..,..,..,..,..,90.9643859863281,..,..
"Primary completion rate, total (% of relevant age group)",SE.PRM.CMPT.ZS,Brazil,BRA,..,..,..,..,..,..,..,..,..,..,..,..
"Primary completion rate, total (% of relevant age group)",SE.PRM.CMPT.ZS,British Virgin Islands,VGB,..,109.248550415039,105.210922241211,92.074592590332,90.7657699584961,73.1377029418945,69.1144714355469,74.2393493652344,..,..,..,..
"Primary completion rate, total (% of relevant age group)",SE.PRM.CMPT.ZS,Brunei Darussalam,BRN,..,100.130722045898,99.8243560791016,104.244506835938,103.267280578613,102.325584411621,94.3204574584961,100.352867126465,..,..,96.1914520263672,..
"Primary completion rate, total (% of relevant age group)",SE.PRM.CMPT.ZS,Bulgaria,BGR,102.763816833496,95.8230667114258,99.57666015625,98.1427536010742,98.9449234008789,97.0378875732422,97.1262664794922,97.7003631591797,94.2598114013672,95.7139129638672,..,..
"Primary completion rate, total (% of relevant age group)",SE.PRM.CMPT.ZS,Burkina Faso,BFA,19.1389198303223,23.8950500488281,60.7178802490234,60.3090896606445,61.645149230957,62.8463706970215,61.8211288452148,62.0456809997559,63.8423805236816,58.3837013244629,51.733829498291,..
"Primary completion rate, total (% of relevant age group)",SE.PRM.CMPT.ZS,Burundi,BDI,38.5887718200684,25.1364498138428,62.0943412780762,64.0318298339844,63.2770881652832,57.2230911254883,53.330379486084,49.1959190368652,..,..,..,..
"Primary completion rate, total (% of relevant age group)",SE.PRM.CMPT.ZS,Cabo Verde,CPV,51.3860893249512,101.499183654785,94.8530120849609,89.9007110595703,83.4914398193359,81.7538375854492,93.7569198608398,85.5104904174805,87.521240234375,..,..,..
"Primary completion rate, total (% of relevant age group)",SE.PRM.CMPT.ZS,Cambodia,KHM,..,..,92.1525573730469,89.5325317382812,88.3689498901367,88.3711166381836,91.9802093505859,94.9092788696289,94.6577606201172,90.7002563476562,89.880615234375,..
"Primary completion rate, total (% of relevant age group)",SE.PRM.CMPT.ZS,Cameroon,CMR,56.7356414794922,50.3857307434082,74.5130615234375,73.3813705444336,68.2125701904297,64.431770324707,65.4423599243164,66.4576873779297,68.7343215942383,69.4347381591797,71.0805587768555,..
"Primary completion rate, total (% of relevant age group)",SE.PRM.CMPT.ZS,Canada,CAN,..,98.2629928588867,..,..,..,..,..,..,..,..,..,..
"Primary completion rate, total (% of relevant age group)",SE.PRM.CMPT.ZS,Cayman Islands,CYM,..,101.886787414551,..,..,..,110.091743469238,100,..,101.498641967773,97.4587020874023,94.1735992431641,..
"Primary completion rate, total (% of relevant age group)",SE.PRM.CMPT.ZS,Central African Republic,CAF,31.1846294403076,..,..,36.9948997497559,48.7285652160645,..,..,..,..,..,..,..
"Primary completion rate, total (% of relevant age group)",SE.PRM.CMPT.ZS,Chad,TCD,16.5853404998779,22.4082298278809,38.9475402832031,42.0207710266113,37.8997802734375,40.4090385437012,..,..,43.5296287536621,..,..,..
"Primary completion rate, total (% of relevant age group)",SE.PRM.CMPT.ZS,Channel Islands,CHI,..,..,..,..,..,..,..,..,..,..,..,..
"Primary completion rate, total (% of relevant age group)",SE.PRM.CMPT.ZS,Chile,CHL,..,..,97.77294921875,98.3978424072266,98.1549530029297,98.1518325805664,97.4453201293945,97.9685821533203,99.2180786132812,100.269378662109,..,..
"Primary completion rate, total (% of relevant age group)",SE.PRM.CMPT.ZS,China,CHN,106.381492614746,..,..,..,..,..,..,..,..,..,..,..
"Primary completion rate, total (% of relevant age group)",SE.PRM.CMPT.ZS,Colombia,COL,76.8620910644531,100.224639892578,102.409233093262,103.139930725098,106.373252868652,105.578002929688,103.543678283691,99.6276016235352,99.1944732666016,97.1171035766602,..,..
"Primary completion rate, total (% of relevant age group)",SE.PRM.CMPT.ZS,Comoros,COM,..,..,..,..,81.4090423583984,..,..,..,..,..,..,..
"Primary completion rate, total (% of relevant age group)",SE.PRM.CMPT.ZS,"Congo, Dem. Rep.",COD,..,..,67.4965896606445,..,..,..,..,78.7289962768555,82.6475601196289,..,76.9597015380859,..
"Primary completion rate, total (% of relevant age group)",SE.PRM.CMPT.ZS,"Congo, Rep.",COG,59.7606506347656,..,70.3246002197266,..,..,65.1861267089844,..,..,..,..,71.8326110839844,..
"Primary completion rate, total (% of relevant age group)",SE.PRM.CMPT.ZS,Costa Rica,CRI,74.6537933349609,88.6959381103516,95.0925064086914,94.5781478881836,94.1781234741211,95.6204299926758,96.4939422607422,96.7528686523438,99.0802307128906,100.99577331543,..,..
"Primary completion rate, total (% of relevant age group)",SE.PRM.CMPT.ZS,Cote d'Ivoire,CIV,39.5466194152832,42.879810333252,58.0733604431152,61.3673782348633,67.6764907836914,70.0334701538086,73.4945068359375,75.5859832763672,73.7053680419922,68.5947036743164,80.2278900146484,..
"Primary completion rate, total (% of relevant age group)",SE.PRM.CMPT.ZS,Croatia,HRV,..,..,101.075813293457,97.5143585205078,98.413459777832,100.778800964355,99.4307022094727,100.528030395508,98.0124893188477,100.281730651855,..,..
"Primary completion rate, total (% of relevant age group)",SE.PRM.CMPT.ZS,Cuba,CUB,95.2527084350586,98.2687225341797,95.6020126342773,94.9306030273438,95.2266311645508,90.7940368652344,90.4958190917969,94.6259384155273,96.6347579956055,92.4178771972656,92.6119079589844,..
"Primary completion rate, total (% of relevant age group)",SE.PRM.CMPT.ZS,Curacao,CUW,..,..,..,..,..,..,..,..,..,..,..,..
"Primary completion rate, total (% of relevant age group)",SE.PRM.CMPT.ZS,Cyprus,CYP,..,97.6595001220703,96.8190612792969,98.4673919677734,101.269729614258,101.87670135498,102.545501708984,100.368499755859,99.9796371459961,99.3734512329102,..,..
"Primary completion rate, total (% of relevant age group)",SE.PRM.CMPT.ZS,Czechia,CZE,..,101.716598510742,97.0245971679688,97.6774368286133,97.2427291870117,93.6948089599609,95.833740234375,96.695198059082,101.116600036621,103.109962463379,..,..
"Primary completion rate, total (% of relevant age group)",SE.PRM.CMPT.ZS,Denmark,DNK,99.7509002685547,99.9982986450195,99.5803298950195,101.488136291504,101.684516906738,100.413879394531,100.630348205566,99.7000274658203,99.6760330200195,99.8858795166016,..,..
"Primary completion rate, total (% of relevant age group)",SE.PRM.CMPT.ZS,Djibouti,DJI,..,..,..,..,..,..,..,..,..,..,..,..
"Primary completion rate, total (% of relevant age group)",SE.PRM.CMPT.ZS,Dominica,DMA,..,112.710006713867,96.6850814819336,101.209297180176,..,..,82.91015625,..,85.6596603393555,84.4064407348633,89.2063522338867,..
"Primary completion rate, total (% of relevant age group)",SE.PRM.CMPT.ZS,Dominican Republic,DOM,..,78.3414611816406,99.6948928833008,99.4304962158203,96.0952301025391,93.7769317626953,93.9661712646484,97.0056610107422,87.7265167236328,89.4886322021484,85.0387496948242,..
"Primary completion rate, total (% of relevant age group)",SE.PRM.CMPT.ZS,Ecuador,ECU,..,94.1933670043945,99.2807464599609,96.7253570556641,98.938720703125,98.3765182495117,95.771598815918,95.3761825561523,93.9406814575195,99.4666290283203,100.199676513672,..
"Primary completion rate, total (% of relevant age group)",SE.PRM.CMPT.ZS,"Egypt, Arab Rep.",EGY,..,89.4921264648438,..,88.0339202880859,87.4164962768555,90.6235885620117,92.8502197265625,96.5726165771484,97.4728698730469,..,..,..
"Primary completion rate, total (% of relevant age group)",SE.PRM.CMPT.ZS,El Salvador,SLV,..,86.0596694946289,92.7768096923828,92.1429214477539,91.6084136962891,89.7590408325195,..,83.1518020629883,83.8425521850586,79.818000793457,80.9585800170898,..
"Primary completion rate, total (% of relevant age group)",SE.PRM.CMPT.ZS,Equatorial Guinea,GNQ,..,36.9221382141113,39.0611000061035,..,..,..,..,..,..,..,..,..
"Primary completion rate, total (% of relevant age group)",SE.PRM.CMPT.ZS,Eritrea,ERI,..,58.1596984863281,57.4330787658691,..,63.7134399414062,62.929759979248,59.4557113647461,..,..,56.6654586791992,..,..
"Primary completion rate, total (% of relevant age group)",SE.PRM.CMPT.ZS,Estonia,EST,..,97.4906387329102,97.0932998657227,97.9379806518555,96.3807678222656,96.5968170166016,97.2760772705078,95.801399230957,98.2262268066406,98.5223922729492,..,..
"Primary completion rate, total (% of relevant age group)",SE.PRM.CMPT.ZS,Eswatini,SWZ,62.3174896240234,64.9678497314453,93.1901626586914,100.106567382812,101.585388183594,101.640510559082,98.0370101928711,..,..,..,90.1588668823242,..
"Primary completion rate, total (% of relevant age group)",SE.PRM.CMPT.ZS,Ethiopia,ETH,..,21.2590103149414,52.8494415283203,..,..,..,..,64.0929565429688,..,62.1418037414551,55.9035835266113,..
"Primary completion rate, total (% of relevant age group)",SE.PRM.CMPT.ZS,Faroe Islands,FRO,..,..,..,..,..,..,..,..,..,..,..,..
"Primary completion rate, total (% of relevant age group)",SE.PRM.CMPT.ZS,Fiji,FJI,..,90.4809875488281,99.7583694458008,98.1283721923828,100.914268493652,100.016807556152,102.205642700195,99.6302719116211,112.401176452637,111.730407714844,112.210441589355,..
"Primary completion rate, total (% of relevant age group)",SE.PRM.CMPT.ZS,Finland,FIN,99.7731094360352,99.5973129272461,99.4556198120117,99.4276275634766,99.1299896240234,99.7019500732422,99.4365997314453,99.1813507080078,99.2806777954102,98.3830795288086,..,..
"Primary completion rate, total (% of relevant age group)",SE.PRM.CMPT.ZS,France,FRA,99.6563034057617,92.9303665161133,..,..,..,..,..,..,..,..,..,..
"Primary completion rate, total (% of relevant age group)",SE.PRM.CMPT.ZS,French Polynesia,PYF,..,..,..,..,..,..,..,..,..,..,..,..
"Primary completion rate, total (% of relevant age group)",SE.PRM.CMPT.ZS,Gabon,GAB,..,..,..,..,..,..,72.9149398803711,..,82.0206985473633,..,..,..
"Primary completion rate, total (% of relevant age group)",SE.PRM.CMPT.ZS,"Gambia, The",GMB,..,59.9611587524414,60.7109489440918,60.9133911132812,..,..,68.6075592041016,71.6708374023438,74.407470703125,75.2207336425781,75.556510925293,..
"Primary completion rate, total (% of relevant age group)",SE.PRM.CMPT.ZS,Georgia,GEO,..,99.2928237915039,107.12882232666,120.578979492188,120.752311706543,102.538223266602,98.4816665649414,95.0958023071289,88.7954330444336,111.292549133301,106.99535369873,..
"Primary completion rate, total (% of relevant age group)",SE.PRM.CMPT.ZS,Germany,DEU,..,99.0259704589844,102.09285736084,99.6975326538086,97.5730667114258,98.5883712768555,99.6325531005859,98.3834915161133,100.973701477051,97.7584228515625,..,..
"Primary completion rate, total (% of relevant age group)",SE.PRM.CMPT.ZS,Ghana,GHA,..,64.9445495605469,93.6741485595703,..,87.8497772216797,88.0406112670898,..,..,..,92.0071716308594,..,..
"Primary completion rate, total (% of relevant age group)",SE.PRM.CMPT.ZS,Gibraltar,GIB,..,..,..,108.536590576172,121.18643951416,..,123.387100219727,127.586212158203,131.670822143555,130.578506469727,137.431686401367,..
"Primary completion rate, total (% of relevant age group)",SE.PRM.CMPT.ZS,Greece,GRC,..,..,97.6107788085938,99.0063781738281,98.4479598999023,97.6072235107422,98.3840713500977,98.4192581176758,96.3431167602539,99.3498992919922,..,..
"Primary completion rate, total (% of relevant age group)",SE.PRM.CMPT.ZS,Greenland,GRL,..,..,..,..,..,..,..,..,..,..,..,..
"Primary completion rate, total (% of relevant age group)",SE.PRM.CMPT.ZS,Grenada,GRD,..,..,..,96.8553466796875,..,108.858695983887,..,..,85.5837554931641,..,..,..
"Primary completion rate, total (% of relevant age group)",SE.PRM.CMPT.ZS,Guam,GUM,..,..,..,..,..,..,..,..,..,..,..,..
"Primary completion rate, total (% of relevant age group)",SE.PRM.CMPT.ZS,Guatemala,GTM,..,54.3726081848145,85.149299621582,81.6419296264648,81.9770126342773,81.7480926513672,80.7314376831055,81.3348617553711,88.5031127929688,87.0075531005859,86.4279022216797,..
"Primary completion rate, total (% of relevant age group)",SE.PRM.CMPT.ZS,Guinea,GIN,18.4360198974609,32.083740234375,62.8346481323242,62.4415283203125,55.4486312866211,56.6452713012695,56.9965400695801,60.7978096008301,63.183910369873,..,..,..
"Primary completion rate, total (% of relevant age group)",SE.PRM.CMPT.ZS,Guinea-Bissau,GNB,..,27.4886894226074,..,..,..,..,..,..,..,..,..,..
"Primary completion rate, total (% of relevant age group)",SE.PRM.CMPT.ZS,Guyana,GUY,..,98.2053070068359,..,..,..,..,..,..,..,..,..,..
"Primary completion rate, total (% of relevant age group)",SE.PRM.CMPT.ZS,Haiti,HTI,..,..,..,..,..,..,..,..,..,..,..,..
"Primary completion rate, total (% of relevant age group)",SE.PRM.CMPT.ZS,Honduras,HND,..,..,..,78.111328125,79.1250228881836,..,76.8376770019531,77.2245712280273,72.6858367919922,69.8964233398438,75.7510986328125,..
"Primary completion rate, total (% of relevant age group)",SE.PRM.CMPT.ZS,"Hong Kong SAR, China",HKG,102.881050109863,..,95.3511962890625,95.7547225952148,111.347457885742,92.8859100341797,97.0689697265625,104.46907043457,119.094757080078,99.924690246582,86.300910949707,..
"Primary completion rate, total (% of relevant age group)",SE.PRM.CMPT.ZS,Hungary,HUN,91.606559753418,99.1748199462891,98.6460113525391,96.8014221191406,100.087463378906,98.1050186157227,93.0584487915039,93.2946395874023,94.2952117919922,97.4241104125977,..,..
"Primary completion rate, total (% of relevant age group)",SE.PRM.CMPT.ZS,Iceland,ISL,..,99.7102127075195,99.0966796875,99.5270690917969,98.9356918334961,99.1150436401367,99.3886489868164,98.3919372558594,98.5327072143555,98.9451065063477,..,..
"Primary completion rate, total (% of relevant age group)",SE.PRM.CMPT.ZS,India,IND,..,71.4690093994141,99.9040069580078,99.3136749267578,98.5887145996094,..,96.3093719482422,98.1042175292969,99.0854949951172,..,93.4889602661133,..
"Primary completion rate, total (% of relevant age group)",SE.PRM.CMPT.ZS,Indonesia,IDN,94.395881652832,..,109.528511047363,107.964698791504,106.196006774902,104.974113464355,104.611259460449,103.142936706543,103.38159942627,102.985801696777,101.923690795898,..
"Primary completion rate, total (% of relevant age group)",SE.PRM.CMPT.ZS,"Iran, Islamic Rep.",IRN,87.7948532104492,95.5446929931641,100.070320129395,98.347053527832,96.6474380493164,..,97.0807571411133,98.0490036010742,..,..,..,..
"Primary completion rate, total (% of relevant age group)",SE.PRM.CMPT.ZS,Iraq,IRQ,..,54.4909400939941,..,..,..,..,..,..,..,..,..,..
"Primary completion rate, total (% of relevant age group)",SE.PRM.CMPT.ZS,Ireland,IRL,..,96.6412124633789,98.7077789306641,99.6918792724609,98.2880630493164,97.3283386230469,100.632316589355,98.976432800293,98.3457870483398,96.4699478149414,..,..
"Primary completion rate, total (% of relevant age group)",SE.PRM.CMPT.ZS,Isle of Man,IMN,..,..,..,..,..,..,..,..,..,..,..,..
"Primary completion rate, total (% of relevant age group)",SE.PRM.CMPT.ZS,Israel,ISR,..,..,98.7856826782227,94.9085388183594,98.9186477661133,95.0361328125,94.4556732177734,98.4821319580078,94.7109375,94.9119567871094,..,..
"Primary completion rate, total (% of relevant age group)",SE.PRM.CMPT.ZS,Italy,ITA,104.176277160645,101.478248596191,98.9501266479492,98.4906234741211,99.5705108642578,98.8338165283203,98.369140625,98.7205963134766,97.7147903442383,97.1534576416016,..,..
"Primary completion rate, total (% of relevant age group)",SE.PRM.CMPT.ZS,Jamaica,JAM,91.8750610351562,80.6840896606445,90.4028778076172,87.9267807006836,89.7497329711914,85.4087219238281,89.7446136474609,79.7702407836914,..,..,79.4754486083984,..
"Primary completion rate, total (% of relevant age group)",SE.PRM.CMPT.ZS,Japan,JPN,104.318229675293,..,..,..,..,..,..,..,..,..,..,..
"Primary completion rate, total (% of relevant age group)",SE.PRM.CMPT.ZS,Jordan,JOR,90.2497863769531,88.0011978149414,..,94.2947006225586,94.3992614746094,95.7247161865234,96.7685928344727,97.6501312255859,96.9569396972656,95.7803573608398,97.1706466674805,..
"Primary completion rate, total (% of relevant age group)",SE.PRM.CMPT.ZS,Kazakhstan,KAZ,..,93.8481292724609,100.46361541748,99.314811706543,99.6095886230469,101.419227600098,98.4228668212891,100.877517700195,97.0019683837891,103.160285949707,105.610511779785,..
"Primary completion rate, total (% of relevant age group)",SE.PRM.CMPT.ZS,Kenya,KEN,..,..,102.084579467773,102.726585388184,..,..,..,..,..,..,..,..
"Primary completion rate, total (% of relevant age group)",SE.PRM.CMPT.ZS,Kiribati,KIR,103.016967773438,95.1764221191406,90.0360717773438,101.17749786377,..,..,..,95.5595703125,98.5421676635742,102.372993469238,103.291381835938,..
"Primary completion rate, total (% of relevant age group)",SE.PRM.CMPT.ZS,"Korea, Dem. People's Rep.",PRK,..,..,..,..,..,..,..,..,..,..,..,..
"Primary completion rate, total (% of relevant age group)",SE.PRM.CMPT.ZS,"Korea, Rep.",KOR,98.5207672119141,100.286712646484,100.521743774414,103.802207946777,97.8568572998047,96.7625503540039,99.9055786132812,101.201568603516,98.4761962890625,96.0547332763672,..,..
"Primary completion rate, total (% of relevant age group)",SE.PRM.CMPT.ZS,Kosovo,XKX,..,..,..,..,..,..,..,..,..,..,..,..
"Primary completion rate, total (% of relevant age group)",SE.PRM.CMPT.ZS,Kuwait,KWT,..,94.2172775268555,..,..,..,..,..,..,..,..,..,..
"Primary completion rate, total (% of relevant age group)",SE.PRM.CMPT.ZS,Kyrgyz Republic,KGZ,..,89.3612213134766,103.972343444824,99.4794387817383,97.3700408935547,98.945068359375,102.348487854004,100.922096252441,96.3200225830078,94.3923950195312,92.999641418457,..
"Primary completion rate, total (% of relevant age group)",SE.PRM.CMPT.ZS,Lao PDR,LAO,42.8611907958984,67.0233306884766,101.072700500488,99.6043472290039,100.821891784668,98.2439804077148,93.520378112793,90.9710693359375,90.1808242797852,89.0527038574219,89.957389831543,..
"Primary completion rate, total (% of relevant age group)",SE.PRM.CMPT.ZS,Latvia,LVA,..,99.4299468994141,100.010948181152,98.0600967407227,99.3118133544922,98.3991394042969,98.3075332641602,98.3287582397461,98.0715408325195,98.4483032226562,..,..
"Primary completion rate, total (% of relevant age group)",SE.PRM.CMPT.ZS,Lebanon,LBN,..,..,..,..,..,..,..,..,..,..,68.2726821899414,..
"Primary completion rate, total (% of relevant age group)",SE.PRM.CMPT.ZS,Lesotho,LSO,54.8294792175293,57.8938407897949,79.3446350097656,81.1535415649414,..,..,82.8508071899414,76.1884078979492,82.8435745239258,74.5931243896484,71.1334838867188,..
"Primary completion rate, total (% of relevant age group)",SE.PRM.CMPT.ZS,Liberia,LBR,..,..,..,60.8017692565918,57.2440147399902,..,..,..,58.7495651245117,58.1735000610352,..,..
"Primary completion rate, total (% of relevant age group)",SE.PRM.CMPT.ZS,Libya,LBY,..,..,..,..,..,..,..,..,..,..,..,..
"Primary completion rate, total (% of relevant age group)",SE.PRM.CMPT.ZS,Liechtenstein,LIE,..,..,105.747131347656,100.251892089844,90.4392776489258,107.32984161377,94.459098815918,104.37158203125,88.9411773681641,..,..,..
"Primary completion rate, total (% of relevant age group)",SE.PRM.CMPT.ZS,Lithuania,LTU,..,101.903190612793,98.6750793457031,100.636123657227,101.582061767578,104.108901977539,110.234832763672,108.115692138672,100.338752746582,100.605529785156,..,..
"Primary completion rate, total (% of relevant age group)",SE.PRM.CMPT.ZS,Luxembourg,LUX,..,..,80.5688018798828,79.0113525390625,78.4026489257812,76.6966171264648,77.8626022338867,77.2754287719727,76.8128814697266,77.8365173339844,..,..
"Primary completion rate, total (% of relevant age group)",SE.PRM.CMPT.ZS,"Macao SAR, China",MAC,103.551452636719,95.3023300170898,91.7894668579102,93.3076934814453,106.105262756348,95.6222229003906,90.0961532592773,90.0545501708984,95.7777786254883,91.206901550293,89.523811340332,..
"Primary completion rate, total (% of relevant age group)",SE.PRM.CMPT.ZS,Madagascar,MDG,33.782341003418,35.0763206481934,67.60498046875,66.0451354980469,64.9911956787109,63.1228485107422,60.7599449157715,59.1633987426758,63.171989440918,59.328971862793,60.4006195068359,..
"Primary completion rate, total (% of relevant age group)",SE.PRM.CMPT.ZS,Malawi,MWI,29.78005027771,67.0260925292969,..,35.6434135437012,..,..,76.2936706542969,..,70.4764099121094,73.8953704833984,68.4686279296875,..
"Primary completion rate, total (% of relevant age group)",SE.PRM.CMPT.ZS,Malaysia,MYS,95.7504501342773,106.091003417969,99.4893035888672,96.0428314208984,93.7627334594727,92.4092025756836,93.6540908813477,100.255210876465,101.076362609863,95.1098937988281,98.7665863037109,..
"Primary completion rate, total (% of relevant age group)",SE.PRM.CMPT.ZS,Maldives,MDV,..,..,93.3539123535156,97.057243347168,92.9155807495117,91.4787826538086,91.7524185180664,..,..,97.1043014526367,98.4593505859375,..
"Primary completion rate, total (% of relevant age group)",SE.PRM.CMPT.ZS,Mali,MLI,..,28.6628398895264,48.5098495483398,48.5724182128906,46.9308013916016,..,..,..,..,..,49.7081604003906,..
"Primary completion rate, total (% of relevant age group)",SE.PRM.CMPT.ZS,Malta,MLT,101.40869140625,104.964912414551,98.2354431152344,98.2576675415039,99.4851684570312,100.409439086914,98.2835464477539,97.7966766357422,98.4732818603516,95.5248794555664,..,..
"Primary completion rate, total (% of relevant age group)",SE.PRM.CMPT.ZS,Marshall Islands,MHL,..,..,..,98.4056701660156,..,..,117.966438293457,113.491249084473,109.699996948242,94.9475708007812,..,..
"Primary completion rate, total (% of relevant age group)",SE.PRM.CMPT.ZS,Mauritania,MRT,28.2935791015625,..,66.717658996582,..,64.4499816894531,69.655891418457,66.2812194824219,..,..,..,..,..
"Primary completion rate, total (% of relevant age group)",SE.PRM.CMPT.ZS,Mauritius,MUS,100.114311218262,100.875457763672,96.0859909057617,94.6057891845703,91.7583999633789,95.7337265014648,92.6466064453125,92.6865234375,94.1515426635742,..,90.1701736450195,..
"Primary completion rate, total (% of relevant age group)",SE.PRM.CMPT.ZS,Mexico,MEX,91.7957000732422,96.747428894043,105.99284362793,104.702178955078,104.324859619141,102.369117736816,102.47265625,102.597717285156,102.820198059082,102.239273071289,..,..
"Primary completion rate, total (% of relevant age group)",SE.PRM.CMPT.ZS,"Micronesia, Fed. Sts.",FSM,..,..,90.923957824707,87.8389511108398,81.8727493286133,90.2859573364258,87.5632400512695,78.5388107299805,84.9353790283203,86.8020324707031,..,..
"Primary completion rate, total (% of relevant age group)",SE.PRM.CMPT.ZS,Moldova,MDA,..,..,107.112968444824,106.62077331543,107.240913391113,101.781578063965,102.427383422852,104.137680053711,..,..,..,..
"Primary completion rate, total (% of relevant age group)",SE.PRM.CMPT.ZS,Monaco,MCO,..,..,..,150.180511474609,..,..,..,..,..,..,..,..
"Primary completion rate, total (% of relevant age group)",SE.PRM.CMPT.ZS,Mongolia,MNG,..,86.7894287109375,99.2064743041992,96.7439193725586,93.2745208740234,97.2026443481445,96.7022552490234,97.0319900512695,90.7440338134766,95.7875595092773,95.2509307861328,..
"Primary completion rate, total (% of relevant age group)",SE.PRM.CMPT.ZS,Montenegro,MNE,..,..,99.9322204589844,97.4612274169922,97.7640609741211,100.53662109375,98.6865615844727,101.628753662109,99.2118988037109,110.560340881348,106.734153747559,..
"Primary completion rate, total (% of relevant age group)",SE.PRM.CMPT.ZS,Morocco,MAR,49.576961517334,58.6998596191406,95.7169036865234,94.2610397338867,91.4058609008789,91.3554306030273,94.3192291259766,96.9155807495117,100.300598144531,101.028228759766,104.691070556641,..
"Primary completion rate, total (% of relevant age group)",SE.PRM.CMPT.ZS,Mozambique,MOZ,30.2826499938965,16.5642509460449,51.8305511474609,..,49.803840637207,55.0001602172852,58.0135307312012,61.5411491394043,..,73.4155120849609,57.5668144226074,..
"Primary completion rate, total (% of relevant age group)",SE.PRM.CMPT.ZS,Myanmar,MMR,..,79.3667526245117,..,..,..,103.588432312012,..,..,..,..,..,..
"Primary completion rate, total (% of relevant age group)",SE.PRM.CMPT.ZS,Namibia,NAM,..,95.3438873291016,..,..,..,100.320167541504,..,..,..,..,..,..
"Primary completion rate, total (% of relevant age group)",SE.PRM.CMPT.ZS,Nauru,NRU,..,..,..,120.42552947998,..,..,102.214019775391,92.9577484130859,..,..,111.384620666504,..
"Primary completion rate, total (% of relevant age group)",SE.PRM.CMPT.ZS,Nepal,NPL,..,64.0951614379883,110.817993164062,117.185157775879,120.801727294922,..,118.210510253906,..,100.75732421875,100.819229125977,115.035255432129,..
"Primary completion rate, total (% of relevant age group)",SE.PRM.CMPT.ZS,Netherlands,NLD,..,..,..,..,..,..,..,..,..,..,..,..
"Primary completion rate, total (% of relevant age group)",SE.PRM.CMPT.ZS,New Caledonia,NCL,97.3597412109375,..,..,..,..,..,..,..,..,..,..,..
"Primary completion rate, total (% of relevant age group)",SE.PRM.CMPT.ZS,New Zealand,NZL,..,..,..,..,..,..,..,..,..,..,..,..
"Primary completion rate, total (% of relevant age group)",SE.PRM.CMPT.ZS,Nicaragua,NIC,37.8331298828125,64.5352935791016,..,..,..,..,..,..,..,80.6800308227539,..,..
"Primary completion rate, total (% of relevant age group)",SE.PRM.CMPT.ZS,Niger,NER,15.8216695785522,17.9084396362305,70.8624572753906,74.753303527832,65.7938690185547,..,65.3655014038086,53.8511238098145,60.9836807250977,52.9879188537598,47.896728515625,..
"Primary completion rate, total (% of relevant age group)",SE.PRM.CMPT.ZS,Nigeria,NGA,..,83.9067611694336,..,..,..,..,..,..,..,..,..,..
"Primary completion rate, total (% of relevant age group)",SE.PRM.CMPT.ZS,North Macedonia,MKD,..,101.404907226562,95.6270065307617,..,94.154182434082,94.1602630615234,91.1494674682617,90.4080200195312,91.6309280395508,93.4133682250977,..,..
"Primary completion rate, total (% of relevant age group)",SE.PRM.CMPT.ZS,Northern Mariana Islands,MNP,..,..,..,..,..,..,..,..,..,..,..,..
"Primary completion rate, total (% of relevant age group)",SE.PRM.CMPT.ZS,Norway,NOR,99.6618576049805,99.0940017700195,99.557991027832,99.2072830200195,99.4991607666016,99.4756774902344,99.3380279541016,99.18359375,99.2044982910156,99.2787628173828,..,..
"Primary completion rate, total (% of relevant age group)",SE.PRM.CMPT.ZS,Oman,OMN,66.6316833496094,83.3831024169922,99.0098571777344,101.086502075195,106.85188293457,97.8448104858398,99.2476196289062,92.145881652832,88.5068664550781,86.590461730957,94.466438293457,..
"Primary completion rate, total (% of relevant age group)",SE.PRM.CMPT.ZS,Pakistan,PAK,..,..,..,57.8369369506836,..,62.0856018066406,63.4986953735352,..,68.2332153320312,68.0974197387695,..,..
"Primary completion rate, total (% of relevant age group)",SE.PRM.CMPT.ZS,Palau,PLW,..,98.5507202148438,..,..,..,..,..,..,98.4189682006836,88.1422958374023,91.1999969482422,..
"Primary completion rate, total (% of relevant age group)",SE.PRM.CMPT.ZS,Panama,PAN,..,91.3267822265625,..,..,89.8650131225586,92.7628326416016,86.4623336791992,87.0138626098633,94.7757720947266,92.7683715820312,92.7561187744141,..
"Primary completion rate, total (% of relevant age group)",SE.PRM.CMPT.ZS,Papua New Guinea,PNG,51.1985893249512,51.9263610839844,..,73.6570205688477,..,..,..,..,..,..,..,..
"Primary completion rate, total (% of relevant age group)",SE.PRM.CMPT.ZS,Paraguay,PRY,70.4674301147461,94.0069198608398,95.6557922363281,95.5360717773438,..,..,..,82.9859771728516,..,86.167106628418,90.2502899169922,..
"Primary completion rate, total (% of relevant age group)",SE.PRM.CMPT.ZS,Peru,PER,..,96.9767684936523,101.71533203125,102.232048034668,92.0803604125977,89.45751953125,91.0660781860352,..,102.253257751465,102.578369140625,104.106643676758,..
"Primary completion rate, total (% of relevant age group)",SE.PRM.CMPT.ZS,Philippines,PHL,89.2335815429688,..,..,..,104.436454772949,110.882186889648,101.023818969727,98.1126251220703,91.1019821166992,87.9826889038086,80.7059707641602,..
"Primary completion rate, total (% of relevant age group)",SE.PRM.CMPT.ZS,Poland,POL,96.9656524658203,98.4054336547852,99.4639892578125,100.437339782715,105.238327026367,94.1822814941406,94.6803894042969,..,..,98.2533493041992,..,..
"Primary completion rate, total (% of relevant age group)",SE.PRM.CMPT.ZS,Portugal,PRT,..,..,..,..,..,99.7984313964844,101.299987792969,102.536422729492,104.018020629883,103.52059173584,..,..
"Primary completion rate, total (% of relevant age group)",SE.PRM.CMPT.ZS,Puerto Rico (US),PRI,..,..,90.6042022705078,..,..,85.7712020874023,..,..,..,..,69.1488037109375,..
"Primary completion rate, total (% of relevant age group)",SE.PRM.CMPT.ZS,Qatar,QAT,75.0262832641602,..,94.3687133789062,95.5435180664062,99.1126022338867,99.824333190918,100.507362365723,103.134178161621,91.1789627075195,94.6478424072266,..,..
"Primary completion rate, total (% of relevant age group)",SE.PRM.CMPT.ZS,Romania,ROU,95.7520523071289,93.9814376831055,92.9707489013672,89.260612487793,..,87.9936218261719,87.5534973144531,86.7099685668945,88.9321899414062,82.8644332885742,..,..
"Primary completion rate, total (% of relevant age group)",SE.PRM.CMPT.ZS,Russian Federation,RUS,..,95.4882583618164,97.3412780761719,94.9354095458984,..,99.5994873046875,100.024337768555,..,..,..,..,..
"Primary completion rate, total (% of relevant age group)",SE.PRM.CMPT.ZS,Rwanda,RWA,44.4812316894531,21.1688098907471,63.1980590820312,67.745002746582,76.0721817016602,84.2233428955078,95.9773025512695,..,95.4018173217773,..,59.3042411804199,..
"Primary completion rate, total (% of relevant age group)",SE.PRM.CMPT.ZS,Samoa,WSM,..,93.7347793579102,103.414329528809,106.173355102539,103.978561401367,102.861846923828,104.079582214355,101.838447570801,100.452659606934,103.640686035156,101.342399597168,..
"Primary completion rate, total (% of relevant age group)",SE.PRM.CMPT.ZS,San Marino,SMR,96.5779495239258,82.6087036132812,..,..,..,95.1428604125977,93.931396484375,96.2427673339844,94.0379409790039,93.4285736083984,96.1165008544922,..
"Primary completion rate, total (% of relevant age group)",SE.PRM.CMPT.ZS,Sao Tome and Principe,STP,77.9194412231445,..,88.8216934204102,79.1776733398438,84.653190612793,85.1124114990234,87.9679641723633,..,..,..,..,..
"Primary completion rate, total (% of relevant age group)",SE.PRM.CMPT.ZS,Saudi Arabia,SAU,..,..,..,..,100.329742431641,101.868621826172,98.5084915161133,96.2086486816406,96.4636306762695,120.119132995605,..,..
"Primary completion rate, total (% of relevant age group)",SE.PRM.CMPT.ZS,Senegal,SEN,40.9166603088379,38.9300384521484,59.0049781799316,..,..,..,61.5962104797363,61.4603805541992,63.5550918579102,57.2280006408691,61.2763481140137,..
"Primary completion rate, total (% of relevant age group)",SE.PRM.CMPT.ZS,Serbia,SRB,..,..,101.916572570801,100.082527160645,100.613647460938,98.266227722168,98.3631286621094,98.6887817382812,98.6582412719727,97.99755859375,..,..
"Primary completion rate, total (% of relevant age group)",SE.PRM.CMPT.ZS,Seychelles,SYC,..,112.910133361816,123.267753601074,128.523773193359,140.545806884766,128.931365966797,150.456848144531,127.827499389648,156.167175292969,99.8705520629883,94.0462417602539,..
"Primary completion rate, total (% of relevant age group)",SE.PRM.CMPT.ZS,Sierra Leone,SLE,..,..,59.0543556213379,68.672119140625,69.0544815063477,80.0164184570312,81.6615905761719,85.2825927734375,95.4376373291016,99.4386901855469,96.7547302246094,..
"Primary completion rate, total (% of relevant age group)",SE.PRM.CMPT.ZS,Singapore,SGP,..,..,..,99.7892684936523,99.2582397460938,99.9218292236328,98.0779495239258,101.401397705078,100.557983398438,99.6337432861328,..,..
"Primary completion rate, total (% of relevant age group)",SE.PRM.CMPT.ZS,Sint Maarten (Dutch part),SXM,..,..,..,..,..,..,..,..,..,..,..,..
"Primary completion rate, total (% of relevant age group)",SE.PRM.CMPT.ZS,Slovak Republic,SVK,..,98.8398284912109,93.8534393310547,93.7168502807617,94.3130111694336,92.1258010864258,91.5193023681641,96.8190612792969,92.1480178833008,95.2156982421875,..,..
"Primary completion rate, total (% of relevant age group)",SE.PRM.CMPT.ZS,Slovenia,SVN,..,98.8369598388672,98.2454223632812,96.5641937255859,97.4674072265625,97.7957229614258,97.251953125,96.7955780029297,97.1798477172852,97.2507629394531,..,..
"Primary completion rate, total (% of relevant age group)",SE.PRM.CMPT.ZS,Solomon Islands,SLB,60.6951904296875,..,87.4035110473633,87.4194412231445,87.0158081054688,84.8603057861328,84.014030456543,81.8153915405273,..,..,71.5705642700195,..
"Primary completion rate, total (% of relevant age group)",SE.PRM.CMPT.ZS,Somalia,SOM,..,..,..,..,..,..,..,..,..,..,..,..
"Primary completion rate, total (% of relevant age group)",SE.PRM.CMPT.ZS,South Africa,ZAF,..,73.198860168457,96.1466064453125,94.9845962524414,..,96.3931732177734,96.6361312866211,95.4806594848633,97.0137481689453,91.5397796630859,..,..
"Primary completion rate, total (% of relevant age group)",SE.PRM.CMPT.ZS,South Sudan,SSD,..,..,20.5547866821289,..,..,..,..,..,..,..,..,..
"Primary completion rate, total (% of relevant age group)",SE.PRM.CMPT.ZS,Spain,ESP,104.35523223877,..,96.1013488769531,94.7013168334961,96.6760177612305,95.6724014282227,96.6371078491211,96.0053405761719,99.1650314331055,98.4915237426758,..,..
"Primary completion rate, total (% of relevant age group)",SE.PRM.CMPT.ZS,Sri Lanka,LKA,93.7467575073242,..,95.0213775634766,96.0217666625977,97.0510177612305,..,95.8618850708008,96.5811538696289,98.5569839477539,96.1759262084961,..,..
"Primary completion rate, total (% of relevant age group)",SE.PRM.CMPT.ZS,St. Kitts and Nevis,KNA,..,101.161560058594,118.141586303711,110.648147583008,..,..,..,..,130.581039428711,..,..,..
"Primary completion rate, total (% of relevant age group)",SE.PRM.CMPT.ZS,St. Lucia,LCA,108.236251831055,..,..,93.6021728515625,89.6482772827148,91.5059509277344,92.8542098999023,89.7602615356445,..,103.218170166016,89.645393371582,..
"Primary completion rate, total (% of relevant age group)",SE.PRM.CMPT.ZS,St. Martin (French part),MAF,..,..,..,..,..,..,..,..,..,..,..,..
"Primary completion rate, total (% of relevant age group)",SE.PRM.CMPT.ZS,St. Vincent and the Grenadines,VCT,..,..,109.405342102051,112.854438781738,105.46272277832,118.340896606445,113.29923248291,119.080177307129,115.718650817871,..,106.982543945312,..
"Primary completion rate, total (% of relevant age group)",SE.PRM.CMPT.ZS,Sudan,SDN,..,..,63.0447692871094,64.1716232299805,66.0720977783203,66.5688934326172,..,..,..,..,..,..
"Primary completion rate, total (% of relevant age group)",SE.PRM.CMPT.ZS,Suriname,SUR,..,..,83.6139831542969,81.3655090332031,79.2708206176758,79.5246276855469,83.6453323364258,87.8651504516602,76.8655319213867,..,..,..
"Primary completion rate, total (% of relevant age group)",SE.PRM.CMPT.ZS,Sweden,SWE,99.1399078369141,101.016342163086,99.3150405883789,99.6898574829102,100.069061279297,99.8755111694336,98.9591598510742,99.6735229492188,99.819221496582,99.8903274536133,..,..
"Primary completion rate, total (% of relevant age group)",SE.PRM.CMPT.ZS,Switzerland,CHE,51.212158203125,96.8936080932617,96.6313629150391,94.9024276733398,95.3591537475586,94.4237213134766,93.5932235717773,94.2758178710938,95.4812088012695,95.063606262207,..,..
"Primary completion rate, total (% of relevant age group)",SE.PRM.CMPT.ZS,Syrian Arab Republic,SYR,90.1038208007812,91.3648071289062,..,..,..,..,..,55.6847496032715,55.7524909973145,58.2687187194824,61.8590202331543,..
"Primary completion rate, total (% of relevant age group)",SE.PRM.CMPT.ZS,Tajikistan,TJK,..,92.5488662719727,92.2054214477539,89.6321411132812,90.251106262207,..,..,..,..,..,..,..
"Primary completion rate, total (% of relevant age group)",SE.PRM.CMPT.ZS,Tanzania,TZA,..,50.2531089782715,64.6557388305664,60.7533683776855,66.670280456543,66.6259689331055,63.5915222167969,67.1020278930664,72.5664291381836,..,86.2270889282227,..
"Primary completion rate, total (% of relevant age group)",SE.PRM.CMPT.ZS,Thailand,THA,..,85.6936569213867,..,..,98.3369598388672,99.1310119628906,101.062812805176,102.732437133789,103.515068054199,102.401908874512,103.044509887695,..
"Primary completion rate, total (% of relevant age group)",SE.PRM.CMPT.ZS,Timor-Leste,TLS,..,..,101.389541625977,97.6331024169922,97.0025329589844,100.597129821777,102.624504089355,100.890953063965,100.903495788574,84.9601745605469,91.4789428710938,..
"Primary completion rate, total (% of relevant age group)",SE.PRM.CMPT.ZS,Togo,TGO,35.5189590454102,66.5675735473633,..,93.8200225830078,92.5531997680664,90.1372222900391,86.7020111083984,87.4940490722656,88.9121932983398,89.1407928466797,90.6991577148438,..
"Primary completion rate, total (% of relevant age group)",SE.PRM.CMPT.ZS,Tonga,TON,118.838859558105,..,..,..,..,..,..,101.14722442627,99.0643692016602,101.46573638916,94.9407958984375,..
"Primary completion rate, total (% of relevant age group)",SE.PRM.CMPT.ZS,Trinidad and Tobago,TTO,..,91.4473419189453,..,..,..,..,..,..,..,..,84.8512878417969,..
"Primary completion rate, total (% of relevant age group)",SE.PRM.CMPT.ZS,Tunisia,TUN,76.0705184936523,85.7344818115234,97.2605209350586,91.1808471679688,86.9319686889648,..,..,97.7275619506836,97.1743621826172,..,..,..
"Primary completion rate, total (% of relevant age group)",SE.PRM.CMPT.ZS,Turkiye,TUR,93.0440368652344,..,98.8300704956055,134.545608520508,92.5956573486328,91.0360870361328,96.6259918212891,100.577331542969,103.435623168945,101.500511169434,..,..
"Primary completion rate, total (% of relevant age group)",SE.PRM.CMPT.ZS,Turkmenistan,TKM,..,..,..,..,..,..,..,..,110.145057678223,107.961219787598,..,..
"Primary completion rate, total (% of relevant age group)",SE.PRM.CMPT.ZS,Turks and Caicos Islands,TCA,..,98.0519485473633,71.4902801513672,..,..,152.806655883789,..,..,112.595420837402,110.73558807373,..,..
"Primary completion rate, total (% of relevant age group)",SE.PRM.CMPT.ZS,Tuvalu,TUV,83.4394912719727,..,107.804878234863,101.477828979492,..,94.2307662963867,89.7674407958984,101.339286804199,98.6956481933594,96.9827575683594,92.1161804199219,..
"Primary completion rate, total (% of relevant age group)",SE.PRM.CMPT.ZS,Uganda,UGA,..,..,53.3201179504395,54.7785606384277,52.9703216552734,..,..,..,..,..,..,..
"Primary completion rate, total (% of relevant age group)",SE.PRM.CMPT.ZS,Ukraine,UKR,102.324371337891,95.3107223510742,88.5759582519531,86.1604537963867,87.5341720581055,83.9088592529297,89.0533981323242,89.7577972412109,89.2898788452148,..,..,..
"Primary completion rate, total (% of relevant age group)",SE.PRM.CMPT.ZS,United Arab Emirates,ARE,84.1204986572266,94.9609298706055,79.8213500976562,..,..,..,84.0476379394531,81.5337524414062,..,..,99.1737899780273,..
"Primary completion rate, total (% of relevant age group)",SE.PRM.CMPT.ZS,United Kingdom,GBR,..,..,98.8590393066406,98.5017929077148,98.4309921264648,98.4754791259766,100.144721984863,99.5260925292969,99.4473419189453,100.087432861328,..,..
"Primary completion rate, total (% of relevant age group)",SE.PRM.CMPT.ZS,United States,USA,..,..,..,..,98.8321990966797,100.092697143555,100.489051818848,100.923667907715,101.091278076172,95.743522644043,..,..
"Primary completion rate, total (% of relevant age group)",SE.PRM.CMPT.ZS,Uruguay,URY,95.7463836669922,97.1801528930664,100.721862792969,102.392837524414,97.1667633056641,101.573883056641,..,100.927543640137,100.503540039062,100.222953796387,..,..
"Primary completion rate, total (% of relevant age group)",SE.PRM.CMPT.ZS,Uzbekistan,UZB,..,99.0455703735352,93.8038864135742,97.4060821533203,98.2880020141602,97.0923080444336,96.6936569213867,98.7280120849609,98.480354309082,98.236946105957,96.0921936035156,..
"Primary completion rate, total (% of relevant age group)",SE.PRM.CMPT.ZS,Vanuatu,VUT,..,83.8665618896484,..,..,..,..,95.0884094238281,96.65283203125,99.2462997436523,106.038436889648,106.601615905762,..
"Primary completion rate, total (% of relevant age group)",SE.PRM.CMPT.ZS,"Venezuela, RB",VEN,77.1746292114258,83.3255310058594,94.9639282226562,92.0160903930664,89.1427536010742,..,..,..,..,..,100.83081817627,..
"Primary completion rate, total (% of relevant age group)",SE.PRM.CMPT.ZS,Viet Nam,VNM,..,101.050872802734,97.2136001586914,100.922218322754,..,109.570877075195,..,..,..,115.85425567627,..,..
"Primary completion rate, total (% of relevant age group)",SE.PRM.CMPT.ZS,Virgin Islands (U.S.),VIR,..,..,..,..,..,..,..,..,..,..,..,..
"Primary completion rate, total (% of relevant age group)",SE.PRM.CMPT.ZS,West Bank and Gaza,PSE,..,93.8019027709961,95.9294967651367,94.806510925293,99.0193786621094,95.7985076904297,95.0270767211914,99.0755310058594,94.9236068725586,94.097282409668,91.4648513793945,..
"Primary completion rate, total (% of relevant age group)",SE.PRM.CMPT.ZS,"Yemen, Rep.",YEM,..,..,..,65.5392074584961,..,..,..,..,..,..,..,..
"Primary completion rate, total (% of relevant age group)",SE.PRM.CMPT.ZS,Zambia,ZMB,..,60.5450210571289,..,..,..,..,..,..,..,..,..,..
"Primary completion rate, total (% of relevant age group)",SE.PRM.CMPT.ZS,Zimbabwe,ZWE,..,..,90.9795455932617,91.4051666259766,90.7393112182617,90.7262496948242,90.2321548461914,91.8669052124023,86.0996246337891,86.1169357299805,..,..
"Primary completion rate, total (% of relevant age group)",SE.PRM.CMPT.ZS,Africa Eastern and Southern,AFE,51.8595504760742,49.3755912780762,67.4567337036133,67.7963714599609,68.8831100463867,70.2460708618164,70.9236679077148,71.9904708862305,72.9337921142578,72.092903137207,..,..
"Primary completion rate, total (% of relevant age group)",SE.PRM.CMPT.ZS,Africa Western and Central,AFW,57.7525291442871,60.1111602783203,68.1988983154297,68.7555999755859,68.1461715698242,68.1347885131836,68.1149826049805,68.3626098632812,68.9753494262695,67.7182922363281,68.0491027832031,..
"Primary completion rate, total (% of relevant age group)",SE.PRM.CMPT.ZS,Arab World,ARB,68.3942337036133,74.9533462524414,80.3013610839844,80.0922622680664,80.2224731445312,81.1881790161133,81.526741027832,82.603401184082,82.9354629516602,84.0000991821289,85.4020385742188,..
"Primary completion rate, total (% of relevant age group)",SE.PRM.CMPT.ZS,Caribbean small states,CSS,92.1607818603516,87.3592376708984,92.0392684936523,90.7916488647461,90.6926422119141,89.0157699584961,90.3931579589844,87.4048233032227,88.1944274902344,87.7219314575195,86.8308715820312,..
"Primary completion rate, total (% of relevant age group)",SE.PRM.CMPT.ZS,Central Europe and the Baltics,CEB,95.1264038085938,97.6737899780273,97.4653167724609,96.6126480102539,98.6505279541016,93.9850997924805,93.9134902954102,94.676628112793,95.4260711669922,95.4461669921875,95.4857864379883,..
"Primary completion rate, total (% of relevant age group)",SE.PRM.CMPT.ZS,Early-demographic dividend,EAR,70.7623672485352,74.8012237548828,92.4272384643555,93.1140594482422,92.0368423461914,91.8398590087891,91.784538269043,92.8100814819336,93.3351516723633,99.2792892456055,91.1845092773438,..
"Primary completion rate, total (% of relevant age group)",SE.PRM.CMPT.ZS,East Asia & Pacific,EAS,99.811279296875,96.2507019042969,94.9161605834961,96.3986511230469,97.9058609008789,99.0281295776367,98.2949523925781,96.3972320556641,97.8486404418945,97.7899322509766,..,..
"Primary completion rate, total (% of relevant age group)",SE.PRM.CMPT.ZS,East Asia & Pacific (excluding high income),EAP,99.6295928955078,95.8823394775391,94.384147644043,95.936408996582,97.6341018676758,98.8885498046875,98.0509567260742,95.9916763305664,97.5510330200195,97.5693283081055,..,..
"Primary completion rate, total (% of relevant age group)",SE.PRM.CMPT.ZS,East Asia & Pacific (IDA & IBRD countries),TEA,99.6336822509766,95.8454132080078,94.3202896118164,95.8936767578125,97.6138305664062,98.8838500976562,98.0366287231445,95.953971862793,97.5316696166992,97.551513671875,..,..
"Primary completion rate, total (% of relevant age group)",SE.PRM.CMPT.ZS,Euro area,EMU,98.940299987793,97.1256408691406,96.7229690551758,95.9691925048828,96.0121307373047,95.911506652832,96.3534622192383,96.0897598266602,96.7636108398438,95.9470672607422,95.9559936523438,..
"Primary completion rate, total (% of relevant age group)",SE.PRM.CMPT.ZS,Europe & Central Asia,ECS,96.2091522216797,96.7877426147461,97.2599716186523,101.011390686035,96.5370025634766,95.8739166259766,97.0140609741211,97.5493621826172,98.0328674316406,97.7233276367188,97.6514205932617,..
"Primary completion rate, total (% of relevant age group)",SE.PRM.CMPT.ZS,Europe & Central Asia (excluding high income),ECA,96.2364807128906,96.3594436645508,97.2079467773438,110.766128540039,95.5155410766602,93.9598388671875,96.3912200927734,98.2391204833984,98.6118621826172,98.2865600585938,97.9996032714844,..
"Primary completion rate, total (% of relevant age group)",SE.PRM.CMPT.ZS,Europe & Central Asia (IDA & IBRD countries),TEC,94.9454803466797,96.1587677001953,97.2827224731445,104.760513305664,96.3833618164062,95.3669509887695,97.0168914794922,98.1816635131836,98.5397109985352,98.2714691162109,98.1249465942383,..
"Primary completion rate, total (% of relevant age group)",SE.PRM.CMPT.ZS,European Union,EUU,98.1513214111328,97.3045806884766,96.9916076660156,96.2665786743164,96.7461776733398,95.6243362426758,95.8946685791016,95.8099822998047,96.6050033569336,95.9532470703125,95.9709930419922,..
"Primary completion rate, total (% of relevant age group)",SE.PRM.CMPT.ZS,Fragile and conflict affected situations,FCS,59.8370018005371,58.2662582397461,68.2402267456055,68.887451171875,69.2484130859375,69.8461303710938,70.2933120727539,70.8491897583008,71.4700775146484,71.0843734741211,..,..
"Primary completion rate, total (% of relevant age group)",SE.PRM.CMPT.ZS,Heavily indebted poor countries (HIPC),HPC,41.3218688964844,42.7526893615723,65.2255706787109,65.8659591674805,66.5802688598633,67.6395492553711,67.9499206542969,68.9638366699219,69.9201965332031,68.8078308105469,68.4704437255859,..
"Primary completion rate, total (% of relevant age group)",SE.PRM.CMPT.ZS,High income,HIC,96.7389068603516,97.8376083374023,98.3616180419922,97.8878707885742,98.1843032836914,98.3206481933594,98.6240310668945,98.6434326171875,98.9493713378906,98.0497970581055,98.3024597167969,..
"Primary completion rate, total (% of relevant age group)",SE.PRM.CMPT.ZS,IBRD only,IBD,86.7068634033203,87.2524032592773,96.0550689697266,96.8150177001953,96.3469696044922,95.9918518066406,95.8205871582031,95.9051818847656,97.0057983398438,101.869621276855,95.0951385498047,..
"Primary completion rate, total (% of relevant age group)",SE.PRM.CMPT.ZS,IDA & IBRD total,IBT,78.9703979492188,79.6845626831055,87.2855911254883,87.9789886474609,87.7902908325195,87.9017868041992,87.8143920898438,87.9690933227539,88.7632675170898,91.5549087524414,87.0910873413086,..
"Primary completion rate, total (% of relevant age group)",SE.PRM.CMPT.ZS,IDA blend,IDB,..,70.3425674438477,70.3202514648438,70.9287261962891,71.0066909790039,72.3729400634766,73.007682800293,73.1756591796875,..,..,..,..
"Primary completion rate, total (% of relevant age group)",SE.PRM.CMPT.ZS,IDA only,IDX,46.3282203674316,51.1018600463867,70.7191925048828,71.5736770629883,72.543327331543,73.5809097290039,73.5873794555664,74.0956268310547,74.6194610595703,73.6433181762695,..,..
"Primary completion rate, total (% of relevant age group)",SE.PRM.CMPT.ZS,IDA total,IDA,54.5983390808105,57.6923484802246,70.5841979980469,71.3552322387695,72.0199279785156,73.1683502197266,73.3888092041016,73.7792510986328,74.1221923828125,..,..,..
"Primary completion rate, total (% of relevant age group)",SE.PRM.CMPT.ZS,Late-demographic dividend,LTE,98.5662689208984,95.8117904663086,91.7287826538086,93.1420135498047,94.9716186523438,95.7353668212891,95.7367401123047,93.9315719604492,95.5364837646484,95.598388671875,..,..
"Primary completion rate, total (% of relevant age group)",SE.PRM.CMPT.ZS,Latin America & Caribbean,LCN,84.5200576782227,90.8445816040039,96.6233978271484,96.1596069335938,95.2868118286133,94.5342025756836,94.3524627685547,94.82421875,95.5446319580078,95.3827362060547,95.4988403320312,..
"Primary completion rate, total (% of relevant age group)",SE.PRM.CMPT.ZS,Latin America & Caribbean (excluding high income),LAC,84.3966293334961,91.0634994506836,96.7316207885742,96.3981704711914,95.664680480957,94.6906585693359,94.4007415771484,94.7788391113281,95.3629684448242,95.0505218505859,95.1605606079102,..
"Primary completion rate, total (% of relevant age group)",SE.PRM.CMPT.ZS,Latin America & the Caribbean (IDA & IBRD countries),TLA,84.3050003051758,90.7282180786133,96.6735687255859,96.2140579223633,95.3271865844727,94.6150207519531,94.4473724365234,94.8865585327148,95.6039276123047,95.5011596679688,95.6273422241211,..
"Primary completion rate, total (% of relevant age group)",SE.PRM.CMPT.ZS,Least developed countries: UN classification,LDC,42.1588592529297,47.3013381958008,69.2749633789062,70.2500762939453,71.2393798828125,72.3729934692383,72.3269500732422,72.8474578857422,73.4885330200195,..,..,..
"Primary completion rate, total (% of relevant age group)",SE.PRM.CMPT.ZS,Low & middle income,LMY,78.8168182373047,79.558479309082,87.2102890014648,87.9284515380859,87.7462615966797,87.8730010986328,87.773681640625,87.9210662841797,88.6964263916016,91.5033416748047,86.9966583251953,..
"Primary completion rate, total (% of relevant age group)",SE.PRM.CMPT.ZS,Low income,LIC,42.0680694580078,42.8746795654297,61.9954986572266,63.1644706726074,63.9005889892578,65.0473709106445,65.6345596313477,66.3699417114258,67.321647644043,66.3886337280273,65.3737564086914,..
"Primary completion rate, total (% of relevant age group)",SE.PRM.CMPT.ZS,Lower middle income,LMC,66.883903503418,71.6607284545898,88.7942504882812,88.7857666015625,88.7286682128906,88.6954879760742,88.3404388427734,89.2108306884766,89.6294937133789,95.9309997558594,87.2544326782227,..
"Primary completion rate, total (% of relevant age group)",SE.PRM.CMPT.ZS,"Middle East, North Africa, Afghanistan & Pakistan",MEA,74.5391235351562,81.6941375732422,86.0173034667969,85.3740310668945,85.1340103149414,85.9975814819336,86.3907012939453,87.749641418457,87.9842910766602,89.1747894287109,90.6143569946289,..
"Primary completion rate, total (% of relevant age group)",SE.PRM.CMPT.ZS,"Middle East, North Africa, Afghanistan & Pakistan (excluding high income)",MNA,75.3217163085938,81.4590682983398,84.8247985839844,84.1682968139648,83.6488800048828,84.629280090332,85.2631912231445,86.9324722290039,87.2322692871094,87.0507888793945,..,..
"Primary completion rate, total (% of relevant age group)",SE.PRM.CMPT.ZS,"Middle East, North Africa, Afghanistan & Pakistan (IDA & IBRD)",TMN,75.2437210083008,81.2946929931641,84.6420135498047,83.9953308105469,83.4031829833984,84.4500885009766,85.1066284179688,86.734733581543,87.1073532104492,86.9384307861328,..,..
"Primary completion rate, total (% of relevant age group)",SE.PRM.CMPT.ZS,Middle income,MIC,82.0225524902344,83.1398620605469,91.1257019042969,91.8467407226562,91.5979080200195,91.6219635009766,91.4722290039062,91.5757064819336,92.3509902954102,95.8621520996094,90.8225936889648,..
"Primary completion rate, total (% of relevant age group)",SE.PRM.CMPT.ZS,North America,NAC,..,99.9518203735352,98.9237899780273,98.8541793823242,98.7845764160156,99.9342727661133,100.291702270508,100.680732727051,100.825782775879,95.977653503418,95.9726791381836,..
"Primary completion rate, total (% of relevant age group)",SE.PRM.CMPT.ZS,Not classified,INX,..,..,..,..,..,..,..,..,..,..,..,..
"Primary completion rate, total (% of relevant age group)",SE.PRM.CMPT.ZS,OECD members,OED,96.7032775878906,98.7029418945312,99.9508285522461,102.435020446777,99.2304992675781,98.7429885864258,99.438346862793,99.6799011230469,100.113021850586,98.3285827636719,98.3213577270508,..
"Primary completion rate, total (% of relevant age group)",SE.PRM.CMPT.ZS,Other small states,OSS,67.6357879638672,74.8293075561523,82.7061080932617,82.8263092041016,82.7676467895508,83.0502471923828,82.9592514038086,82.7629470825195,82.2950592041016,82.0163803100586,81.4504013061523,..
"Primary completion rate, total (% of relevant age group)",SE.PRM.CMPT.ZS,Pacific island small states,PSS,90.0891723632812,87.63427734375,95.6576614379883,95.4600982666016,95.6102676391602,95.3661270141602,95.6589126586914,94.5102767944336,94.8053283691406,..,..,..
"Primary completion rate, total (% of relevant age group)",SE.PRM.CMPT.ZS,Post-demographic dividend,PST,99.2955474853516,99.0454483032227,98.3661880493164,98.0577926635742,97.9505081176758,97.9811096191406,98.6657867431641,98.8132934570312,99.0815200805664,96.8731384277344,96.860710144043,..
"Primary completion rate, total (% of relevant age group)",SE.PRM.CMPT.ZS,Pre-demographic dividend,PRE,54.2031898498535,54.8325691223145,67.5300598144531,67.8647384643555,68.189079284668,68.7490692138672,68.6579208374023,69.229133605957,70.023811340332,69.205451965332,..,..
"Primary completion rate, total (% of relevant age group)",SE.PRM.CMPT.ZS,Small states,SST,75.1455612182617,78.3938293457031,85.1993026733398,85.0459213256836,84.9733581542969,84.8971405029297,85.0249099731445,84.3144378662109,84.0639190673828,83.7462768554688,83.1632308959961,..
"Primary completion rate, total (% of relevant age group)",SE.PRM.CMPT.ZS,South Asia,SAS,63.0675086975098,68.0201568603516,91.9029235839844,91.9886169433594,91.8838729858398,91.0706024169922,91.0248565673828,92.1770706176758,92.7876129150391,103.728240966797,88.7807769775391,..
"Primary completion rate, total (% of relevant age group)",SE.PRM.CMPT.ZS,South Asia (IDA & IBRD),TSA,63.0675086975098,68.0201568603516,91.9029235839844,91.9886169433594,91.8838729858398,91.0706024169922,91.0248565673828,92.1770706176758,92.7876129150391,103.728240966797,88.7807769775391,..
"Primary completion rate, total (% of relevant age group)",SE.PRM.CMPT.ZS,Sub-Saharan Africa,SSF,54.2624397277832,53.5736885070801,67.7615966796875,68.1914672851562,68.578857421875,69.375617980957,69.7668991088867,70.4957733154297,71.2986068725586,70.2844390869141,69.8882217407227,..
"Primary completion rate, total (% of relevant age group)",SE.PRM.CMPT.ZS,Sub-Saharan Africa (excluding high income),SSA,54.2559700012207,53.5688400268555,67.7589874267578,68.1886367797852,68.576057434082,69.3730926513672,69.7640609741211,70.4933166503906,71.2957763671875,70.2829208374023,69.8868713378906,..
"Primary completion rate, total (% of relevant age group)",SE.PRM.CMPT.ZS,Sub-Saharan Africa (IDA & IBRD countries),TSS,54.2624397277832,53.5736885070801,67.7615966796875,68.1914672851562,68.578857421875,69.375617980957,69.7668991088867,70.4957733154297,71.2986068725586,70.2844390869141,69.8882217407227,..
"Primary completion rate, total (% of relevant age group)",SE.PRM.CMPT.ZS,Upper middle income,UMC,96.9128570556641,94.5903778076172,94.4021987915039,96.3212280273438,95.6640930175781,95.614616394043,95.7056121826172,94.6532592773438,95.9688110351562,95.5725021362305,..,..
"Primary completion rate, total (% of relevant age group)",SE.PRM.CMPT.ZS,World,WLD,81.3240280151367,81.7030487060547,88.4480819702148,89.0423812866211,88.8713302612305,88.9817428588867,88.9325180053711,89.0674819946289,89.7832794189453,92.1892166137695,88.2011032104492,..
Children out of school (% of primary school age),SE.PRM.UNER.ZS,Afghanistan,AFG,..,..,..,..,..,..,..,..,..,..,..,..
Children out of school (% of primary school age),SE.PRM.UNER.ZS,Albania,ALB,..,..,0.208829998970032,0.155709996819496,0.767530024051666,1.36746001243591,2.19484996795654,3.96765995025635,6.6652398109436,8.47797012329102,10.8653202056885,..
Children out of school (% of primary school age),SE.PRM.UNER.ZS,Algeria,DZA,13.0479297637939,5.27274990081787,0.349510014057159,0.411570012569427,0.239820003509521,0.127820000052452,0.123769998550415,0.301530003547668,0.196449995040894,0.628679990768433,0.975709974765778,..
Children out of school (% of primary school age),SE.PRM.UNER.ZS,American Samoa,ASM,..,..,..,..,..,..,..,..,..,..,..,..
Children out of school (% of primary school age),SE.PRM.UNER.ZS,Andorra,AND,..,..,8.33154964447021,7.57801008224487,7.23269987106323,7.09102010726929,7.5873498916626,8.92185974121094,8.0449800491333,7.08159017562866,0.402520000934601,..
Children out of school (% of primary school age),SE.PRM.UNER.ZS,Angola,AGO,..,..,..,..,..,..,..,..,..,..,..,..
Children out of school (% of primary school age),SE.PRM.UNER.ZS,Antigua and Barbuda,ATG,..,..,0.977296471595764,1.21141982078552,1.40533995628357,0.926437795162201,0.260628938674927,..,..,..,..,..
Children out of school (% of primary school age),SE.PRM.UNER.ZS,Argentina,ARG,..,0.499810010194778,0.874790012836456,0.516589999198914,0.584219992160797,0.642369985580444,0.620029985904694,0.829509973526001,0.791949987411499,0.745880007743835,..,..
Children out of school (% of primary school age),SE.PRM.UNER.ZS,Armenia,ARM,..,..,0.37169998884201,0.659290015697479,0.923959970474243,0.962989985942841,3.44456005096436,5.19327020645142,8.01469993591309,9.30687046051025,7.72144985198975,..
Children out of school (% of primary school age),SE.PRM.UNER.ZS,Aruba,ABW,..,3.78903007507324,..,..,..,..,..,..,..,..,..,..
Children out of school (% of primary school age),SE.PRM.UNER.ZS,Australia,AUS,1.94911003112793,4.70642995834351,0.0281300004571676,0.00778000010177493,0.0577899999916553,0.191650003194809,0.214039996266365,0.580850005149841,0.367810010910034,0.296409994363785,..,..
Children out of school (% of primary school age),SE.PRM.UNER.ZS,Austria,AUT,..,2.0048999786377,1.34192001819611,1.99799001216888,1.33122003078461,1.25853002071381,1.23357999324799,1.17481005191803,0.947790026664734,1.67592000961304,..,..
Children out of school (% of primary school age),SE.PRM.UNER.ZS,Azerbaijan,AZE,..,8.49330997467041,1.15666997432709,0.794629991054535,2.06896996498108,3.89419007301331,8.45024967193604,8.19320011138916,8.01099967956543,4.28869009017944,1.53812003135681,..
Children out of school (% of primary school age),SE.PRM.UNER.ZS,"Bahamas, The",BHS,..,..,..,..,..,..,..,..,..,..,29.3360500335693,..
Children out of school (% of primary school age),SE.PRM.UNER.ZS,Bahrain,BHR,..,11.7256698608398,0.396230012178421,0.407200008630753,0.532700002193451,1.63224005699158,2.36763000488281,..,..,8.07569026947021,7.00361013412476,..
Children out of school (% of primary school age),SE.PRM.UNER.ZS,Bangladesh,BGD,29.9592304229736,..,..,..,2.58336162567139,0.467402428388596,..,..,..,..,5.25908946990967,..
Children out of school (% of primary school age),SE.PRM.UNER.ZS,Barbados,BRB,4.65527009963989,1.14420998096466,3.73202991485596,2.20932006835938,4.3841700553894,3.29871988296509,2.31020998954773,2.77245998382568,4.45752000808716,6.83245992660522,9.19851970672607,..
Children out of school (% of primary school age),SE.PRM.UNER.ZS,Belarus,BLR,..,..,4.58458995819092,4.18950986862183,4.31380987167358,5.02890014648438,5.93670988082886,6.16165018081665,6.04665994644165,6.01627016067505,4.15376996994019,..
Children out of school (% of primary school age),SE.PRM.UNER.ZS,Belgium,BEL,..,1.04151999950409,1.85124003887177,1.9190399646759,1.38223004341125,1.33835995197296,1.34748995304108,1.22926998138428,1.47403001785278,1.224249958992,..,..
Children out of school (% of primary school age),SE.PRM.UNER.ZS,Belize,BLZ,..,1.53793001174927,0.381480008363724,0.495020002126694,0.230800002813339,0.431069999933243,0.940339982509613,0.568050026893616,5.92530012130737,9.53684997558594,12.3902597427368,..
Children out of school (% of primary school age),SE.PRM.UNER.ZS,Benin,BEN,62.1199111938477,..,..,3.06517004966736,2.98762011528015,5.70115995407104,10.2229499816895,10.8119602203369,7.91363000869751,5.41629981994629,..,..
Children out of school (% of primary school age),SE.PRM.UNER.ZS,Bermuda,BMU,..,..,..,..,..,..,..,..,..,..,..,..
Children out of school (% of primary school age),SE.PRM.UNER.ZS,Bhutan,BTN,..,38.8700103759766,11.379469871521,11.7899599075317,11.7133102416992,9.44062042236328,..,5.48518991470337,4.56094169616699,4.98077630996704,..,..
Children out of school (% of primary school age),SE.PRM.UNER.ZS,Bolivia,BOL,..,0.0838799998164177,11.1102895736694,10.3521900177002,8.87407970428467,7.20013999938965,5.98522996902466,5.04558992385864,4.16317987442017,3.38124990463257,4.15747976303101,..
Children out of school (% of primary school age),SE.PRM.UNER.ZS,Bosnia and Herzegovina,BIH,..,..,11.3527898788452,9.95645999908447,8.81340980529785,9.7444896697998,..,13.0114698410034,14.1266899108887,14.8581104278564,15.6008396148682,..
Children out of school (% of primary school age),SE.PRM.UNER.ZS,Botswana,BWA,12.5451698303223,19.3946990966797,..,..,..,..,..,..,..,10.0703439712524,..,..
Children out of school (% of primary school age),SE.PRM.UNER.ZS,Brazil,BRA,..,..,4.41243982315063,4.25656986236572,4.22335004806519,4.82819986343384,4.19332981109619,4.5207200050354,5.22955989837646,3.98446011543274,..,..
Children out of school (% of primary school age),SE.PRM.UNER.ZS,British Virgin Islands,VGB,3.98162007331848,13.9694004058838,0.0270099993795156,0.0484099984169006,..,11.2660598754883,1.09065997600555,..,..,1.00672996044159,..,..
Children out of school (% of primary school age),SE.PRM.UNER.ZS,Brunei Darussalam,BRN,..,..,0.651773750782013,0.237937644124031,0.494095355272293,0.90924072265625,1.53750002384186,2.46230292320251,4.81663656234741,3.69034934043884,3.55499577522278,..
Children out of school (% of primary school age),SE.PRM.UNER.ZS,Bulgaria,BGR,..,1.18808996677399,2.9882800579071,3.36121988296509,3.53475999832153,4.03474998474121,4.18113994598389,4.21193981170654,5.04082012176514,5.29597997665405,..,..
Children out of school (% of primary school age),SE.PRM.UNER.ZS,Burkina Faso,BFA,..,64.8264694213867,32.2611694335938,27.0304393768311,26.2194194793701,24.2666206359863,25.6603393554688,28.4007892608643,28.971040725708,32.1655616760254,41.8985595703125,..
Children out of school (% of primary school age),SE.PRM.UNER.ZS,Burundi,BDI,..,56.6188316345215,8.18443012237549,9.78668022155762,14.1690301895142,16.9499893188477,18.4735202789307,17.8916492462158,..,..,..,..
Children out of school (% of primary school age),SE.PRM.UNER.ZS,Cabo Verde,CPV,12.4146795272827,2.89256000518799,9.86818981170654,10.8535203933716,11.5329303741455,11.287670135498,11.2892999649048,12.1463298797607,10.8676795959473,..,..,..
Children out of school (% of primary school age),SE.PRM.UNER.ZS,Cambodia,KHM,..,5.56607007980347,5.23148012161255,6.22628021240234,6.92129993438721,5.79785013198853,5.07745981216431,6.05874013900757,8.12851905822754,12.8651437759399,4.03643751144409,..
Children out of school (% of primary school age),SE.PRM.UNER.ZS,Cameroon,CMR,26.0399799346924,..,4.7678599357605,5.0059700012207,6.68005990982056,..,8.58580017089844,4.52497863769531,4.41173982620239,3.93249988555908,3.70860004425049,..
Children out of school (% of primary school age),SE.PRM.UNER.ZS,Canada,CAN,5.46567010879517,0.587539970874786,0.291590005159378,1.45297002792358,1.22579002380371,0.978990018367767,2.21157002449036,2.26157999038696,3.70691990852356,3.98843002319336,..,..
Children out of school (% of primary school age),SE.PRM.UNER.ZS,Cayman Islands,CYM,..,1.74138998985291,9.50874710083008,6.45945119857788,5.17076539993286,4.07853984832764,5.83641004562378,7.70029020309448,14.4907302856445,13.5434904098511,14.4990196228027,..
Children out of school (% of primary school age),SE.PRM.UNER.ZS,Central African Republic,CAF,42.635009765625,..,..,..,15.1403532028198,..,..,..,..,..,..,..
Children out of school (% of primary school age),SE.PRM.UNER.ZS,Chad,TCD,..,48.8733787536621,20.6558399200439,27.2155494689941,33.1854095458984,27.3879909515381,28.3544597625732,..,25.8434295654297,25.6529903411865,23.8714904785156,..
Children out of school (% of primary school age),SE.PRM.UNER.ZS,Channel Islands,CHI,..,..,..,..,..,..,..,..,..,..,..,..
Children out of school (% of primary school age),SE.PRM.UNER.ZS,Chile,CHL,..,..,2.72321009635925,2.48050999641418,2.30256009101868,1.90333998203278,1.60679996013641,2.27495002746582,2.16669988632202,1.29288005828857,..,..
Children out of school (% of primary school age),SE.PRM.UNER.ZS,China,CHN,8.46737003326416,..,..,..,..,..,..,..,..,..,..,..
Children out of school (% of primary school age),SE.PRM.UNER.ZS,Colombia,COL,..,0,3.39695000648499,5.22432994842529,4.07456016540527,4.69546985626221,5.02229022979736,6.11108016967773,6.98671007156372,7.32453012466431,..,..
Children out of school (% of primary school age),SE.PRM.UNER.ZS,Comoros,COM,..,35.990909576416,..,..,9.35986709594727,12.6440420150757,..,..,26.8825588226318,..,22.2174949645996,..
Children out of school (% of primary school age),SE.PRM.UNER.ZS,"Congo, Dem. Rep.",COD,..,..,..,..,..,..,..,..,..,..,..,..
Children out of school (% of primary school age),SE.PRM.UNER.ZS,"Congo, Rep.",COG,..,..,..,..,..,21.056640625,..,..,..,..,16.0204601287842,..
Children out of school (% of primary school age),SE.PRM.UNER.ZS,Costa Rica,CRI,13.7517099380493,..,5.90751981735229,5.6281099319458,6.94087982177734,3.74432992935181,2.91513991355896,3.98411989212036,4.66119003295898,4.73484992980957,..,..
Children out of school (% of primary school age),SE.PRM.UNER.ZS,Cote d'Ivoire,CIV,..,46.098560333252,27.2987308502197,18.2038707733154,17.1400604248047,12.6659297943115,11.4065599441528,9.67393016815186,10.439359664917,9.77040958404541,3.85065007209778,..
Children out of school (% of primary school age),SE.PRM.UNER.ZS,Croatia,HRV,..,..,1.44624996185303,1.7360600233078,1.46489000320435,1.56895995140076,1.95966005325317,1.84271001815796,1.78707003593445,1.73281002044678,..,..
Children out of school (% of primary school age),SE.PRM.UNER.ZS,Cuba,CUB,4.4513897895813,0.221359997987747,2.77129006385803,2.72300004959106,2.99349999427795,2.87445998191833,2.6006600856781,2.12477993965149,2.16739988327026,4.39215993881226,4.64097023010254,..
Children out of school (% of primary school age),SE.PRM.UNER.ZS,Curacao,CUW,..,..,..,..,..,..,..,0.414939999580383,..,..,3.41704988479614,..
Children out of school (% of primary school age),SE.PRM.UNER.ZS,Cyprus,CYP,..,1.93002998828888,1.39976000785828,1.73635005950928,1.34039998054504,0.575219988822937,0.507369995117188,0.410600006580353,0.0656099990010262,0.839969992637634,..,..
Children out of school (% of primary school age),SE.PRM.UNER.ZS,Czechia,CZE,..,..,2.11766004562378,2.50768995285034,2.90678000450134,2.07468008995056,1.86357998847961,1.52471005916595,0.0971300005912781,0.0856899991631508,..,..
Children out of school (% of primary school age),SE.PRM.UNER.ZS,Denmark,DNK,0.0633499994874001,0.322210013866425,0.625270009040833,0.676769971847534,0.561770021915436,0.381170004606247,0.403620004653931,0.355190008878708,0.469520002603531,0.586499989032745,..,..
Children out of school (% of primary school age),SE.PRM.UNER.ZS,Djibouti,DJI,..,..,..,..,..,..,..,..,..,..,..,..
Children out of school (% of primary school age),SE.PRM.UNER.ZS,Dominica,DMA,..,2.51131010055542,2.96075010299683,3.64932990074158,..,..,13.6809701919556,11.1506500244141,12.2120199203491,11.9164600372314,12.8604803085327,..
Children out of school (% of primary school age),SE.PRM.UNER.ZS,Dominican Republic,DOM,..,12.6465797424316,3.94356989860535,4.22799015045166,5.1202597618103,5.5305700302124,3.86338996887207,3.92494010925293,10.345009803772,7.54625988006592,12.8885202407837,..
Children out of school (% of primary school age),SE.PRM.UNER.ZS,Ecuador,ECU,..,6.41556978225708,2.63607001304626,2.71478009223938,2.46214008331299,1.49970996379852,1.63182997703552,1.51346004009247,1.6153199672699,1.67634999752045,4.71518993377686,..
Children out of school (% of primary school age),SE.PRM.UNER.ZS,"Egypt, Arab Rep.",EGY,..,13.8805198669434,..,6.2851300239563,5.35818004608154,4.24695014953613,2.54763007164001,1.23504996299744,0.456030011177063,..,..,..
Children out of school (% of primary school age),SE.PRM.UNER.ZS,El Salvador,SLV,..,11.286660194397,7.26976013183594,8.07738018035889,12.0924797058105,11.3158702850342,13.9629001617432,14.5767002105713,15.6174097061157,15.5671997070312,14.3291997909546,..
Children out of school (% of primary school age),SE.PRM.UNER.ZS,Equatorial Guinea,GNQ,..,47.0388984680176,61.8063583374023,..,..,..,..,..,..,..,..,..
Children out of school (% of primary school age),SE.PRM.UNER.ZS,Eritrea,ERI,..,39.8735084533691,39.1361808776855,..,43.936149597168,43.9738807678223,45.1564140319824,..,..,44.8762512207031,..,..
Children out of school (% of primary school age),SE.PRM.UNER.ZS,Estonia,EST,..,0.963169991970062,2.483069896698,2.45626997947693,2.41259002685547,2.3692901134491,2.26395988464355,2.21795988082886,2.12304997444153,1.82405996322632,..,..
Children out of school (% of primary school age),SE.PRM.UNER.ZS,Eswatini,SWZ,25.4680404663086,..,11.4739799499512,11.0177202224731,12.5261297225952,11.3533201217651,10.4842700958252,..,..,..,..,..
Children out of school (% of primary school age),SE.PRM.UNER.ZS,Ethiopia,ETH,..,61.9165382385254,17.6449584960938,..,..,..,..,..,24.7508697509766,23.8412532806396,23.151180267334,..
Children out of school (% of primary school age),SE.PRM.UNER.ZS,Faroe Islands,FRO,..,..,..,..,..,..,..,..,..,..,..,..
Children out of school (% of primary school age),SE.PRM.UNER.ZS,Fiji,FJI,..,7.01235008239746,9.03079986572266,3.21696305274963,2.23515319824219,1.71639037132263,..,2.01279997825623,..,1.77621722221375,1.88323175907135,..
Children out of school (% of primary school age),SE.PRM.UNER.ZS,Finland,FIN,..,0.800689995288849,1.60240995883942,1.62970995903015,1.82955002784729,1.82132995128632,2.22771000862122,1.89110994338989,1.3612300157547,1.97632002830505,..,..
Children out of school (% of primary school age),SE.PRM.UNER.ZS,France,FRA,0.239759996533394,3.54871010780334,0.514980018138885,0.167199999094009,0.0584000013768673,0.0147200003266335,0.116329997777939,0.0184300001710653,0.0704500004649162,0.0146899996325374,..,..
Children out of school (% of primary school age),SE.PRM.UNER.ZS,French Polynesia,PYF,8.9657096862793,..,..,..,..,..,..,..,..,..,..,..
Children out of school (% of primary school age),SE.PRM.UNER.ZS,Gabon,GAB,..,..,..,..,..,..,28.4673080444336,..,..,..,..,..
Children out of school (% of primary school age),SE.PRM.UNER.ZS,"Gambia, The",GMB,58.0315208435059,40.0180282592773,33.2255706787109,32.056468963623,29.8312969207764,28.2566661834717,25.0524730682373,23.042200088501,23.3252124786377,..,..,..
Children out of school (% of primary school age),SE.PRM.UNER.ZS,Georgia,GEO,..,..,1.38601994514465,1.4086400270462,1.12943005561829,1.02190005779266,0.8992999792099,0.627780020236969,0.309819996356964,1.32164001464844,2.4958701133728,..
Children out of school (% of primary school age),SE.PRM.UNER.ZS,Germany,DEU,..,0.0896899998188019,0.857710003852844,1.74626004695892,1.07963001728058,0.870909988880157,0.956470012664795,1.18655002117157,1.46276998519897,1.91470003128052,..,..
Children out of school (% of primary school age),SE.PRM.UNER.ZS,Ghana,GHA,..,34.6749610900879,..,..,8.16755962371826,9.44268989562988,6.93182992935181,11.9552202224731,11.3411903381348,..,..,..
Children out of school (% of primary school age),SE.PRM.UNER.ZS,Gibraltar,GIB,..,..,..,..,..,..,..,..,..,..,..,..
Children out of school (% of primary school age),SE.PRM.UNER.ZS,Greece,GRC,7.90375995635986,0.0751700028777122,2.17934989929199,1.42453002929688,1.97014999389648,2.98123002052307,3.1951699256897,3.72726011276245,3.84676003456116,0.00218000006861985,..,..
Children out of school (% of primary school age),SE.PRM.UNER.ZS,Greenland,GRL,..,..,..,..,..,..,..,..,..,..,..,..
Children out of school (% of primary school age),SE.PRM.UNER.ZS,Grenada,GRD,..,..,1.15340995788574,2.01852011680603,..,6.31348180770874,..,..,18.3710918426514,..,..,..
Children out of school (% of primary school age),SE.PRM.UNER.ZS,Guam,GUM,..,..,..,..,..,..,..,..,..,..,..,..
Children out of school (% of primary school age),SE.PRM.UNER.ZS,Guatemala,GTM,..,14.9228601455688,9.79940986633301,10.7966499328613,10.0877504348755,9.15952014923096,9.35554027557373,9.19867992401123,7.85705995559692,7.68677997589111,7.45677995681763,..
Children out of school (% of primary school age),SE.PRM.UNER.ZS,Guinea,GIN,75.5521392822266,53.9359817504883,25.1480846405029,19.4781494140625,..,15.370265007019,16.6146678924561,13.6659698486328,18.4884853363037,..,..,..
Children out of school (% of primary school age),SE.PRM.UNER.ZS,Guinea-Bissau,GNB,..,50.5350189208984,..,..,..,..,..,..,..,..,..,..
Children out of school (% of primary school age),SE.PRM.UNER.ZS,Guyana,GUY,..,..,..,..,..,..,..,16.6825695037842,17.2138404846191,..,14.065299987793,..
Children out of school (% of primary school age),SE.PRM.UNER.ZS,Haiti,HTI,..,..,..,..,..,..,..,..,..,..,..,..
Children out of school (% of primary school age),SE.PRM.UNER.ZS,Honduras,HND,..,15.0501298904419,22.5846004486084,21.4518604278564,20.2894992828369,18.8120040893555,16.0431098937988,19.600980758667,22.226490020752,20.5002498626709,20.6590595245361,..
Children out of school (% of primary school age),SE.PRM.UNER.ZS,"Hong Kong SAR, China",HKG,..,..,0.877629995346069,0.697719991207123,0.220060005784035,0.124770000576973,0.066770002245903,0.661210000514984,1.03278994560242,0.876370012760162,..,..
Children out of school (% of primary school age),SE.PRM.UNER.ZS,Hungary,HUN,..,2.34998989105225,4.28495979309082,4.96833992004395,4.86931991577148,4.45279979705811,4.34871006011963,4.27849006652832,3.86026000976562,3.68225002288818,..,..
Children out of school (% of primary school age),SE.PRM.UNER.ZS,Iceland,ISL,..,0.86201000213623,1.26188004016876,1.03729999065399,1.06649005413055,1.1010799407959,1.18957996368408,1.42287003993988,1.42077004909515,1.51547002792358,..,..
Children out of school (% of primary school age),SE.PRM.UNER.ZS,India,IND,20.9314594268799,16.3881607055664,..,4.10680675506592,6.03077745437622,6.3785080909729,7.37287425994873,4.05584812164307,2.31276249885559,0.15279883146286,1.46968770027161,..
Children out of school (% of primary school age),SE.PRM.UNER.ZS,Indonesia,IDN,3.11563992500305,..,..,4.96515989303589,5.26888990402222,6.49496269226074,1.69616091251373,2.65546679496765,1.42056322097778,1.20689940452576,0.710282146930695,..
Children out of school (% of primary school age),SE.PRM.UNER.ZS,"Iran, Islamic Rep.",IRN,5.74617004394531,13.3140296936035,0.537230014801025,1.59323000907898,0.870440006256104,..,0.964160025119781,2.01338005065918,..,..,..,..
Children out of school (% of primary school age),SE.PRM.UNER.ZS,Iraq,IRQ,..,17.4488105773926,..,..,..,..,..,..,..,..,..,..
Children out of school (% of primary school age),SE.PRM.UNER.ZS,Ireland,IRL,8.58697986602783,0.0408300012350082,0.0488200001418591,0.0116400001570582,0.028659999370575,0.00173999997787178,0.1372299939394,0.0423300005495548,0.763459980487823,1.10953998565674,..,..
Children out of school (% of primary school age),SE.PRM.UNER.ZS,Isle of Man,IMN,..,..,..,..,..,..,..,..,..,..,..,..
Children out of school (% of primary school age),SE.PRM.UNER.ZS,Israel,ISR,..,3.17343997955322,2.54888010025024,2.59910011291504,3.1967499256134,3.3964900970459,3.71177005767822,3.82693004608154,3.63031005859375,3.65606999397278,..,..
Children out of school (% of primary school age),SE.PRM.UNER.ZS,Italy,ITA,..,0.135409995913506,1.49433994293213,1.66491997241974,1.63794004917145,1.57104003429413,1.59695994853973,1.48284995555878,2.10580992698669,2.50709009170532,..,..
Children out of school (% of primary school age),SE.PRM.UNER.ZS,Jamaica,JAM,6.14204978942871,11.1795196533203,19.8166332244873,19.7211742401123,20.6032619476318,21.3648109436035,21.8313903808594,13.6118497848511,16.6084308624268,9.57789993286133,15.6776103973389,..
Children out of school (% of primary school age),SE.PRM.UNER.ZS,Japan,JPN,..,..,0.144989997148514,0.094650000333786,0.0502000004053116,0.0925000011920929,0.0857099965214729,0.134149998426437,0.0302099995315075,0.09672000259161,..,..
Children out of school (% of primary school age),SE.PRM.UNER.ZS,Jordan,JOR,..,13.1119203567505,..,3.68804001808167,2.12275004386902,1.69142997264862,1.70247995853424,1.58037996292114,2.55204010009766,1.88791000843048,2.73386001586914,..
Children out of school (% of primary school age),SE.PRM.UNER.ZS,Kazakhstan,KAZ,..,4.23086023330688,3.12261033058167,4.08862257003784,2.37065029144287,2.0186460018158,1.47880458831787,8.29518604278564,8.97608280181885,8.84701442718506,4.39645576477051,..
Children out of school (% of primary school age),SE.PRM.UNER.ZS,Kenya,KEN,..,35.0426712036133,..,..,..,..,..,..,..,..,..,..
Children out of school (% of primary school age),SE.PRM.UNER.ZS,Kiribati,KIR,..,1.29394996166229,1.82659995555878,1.01591002941132,3.07507991790771,..,..,2.64476990699768,4.73979997634888,7.81623983383179,12.2459697723389,..
Children out of school (% of primary school age),SE.PRM.UNER.ZS,"Korea, Dem. People's Rep.",PRK,..,..,..,..,..,..,..,..,..,..,..,..
Children out of school (% of primary school age),SE.PRM.UNER.ZS,"Korea, Rep.",KOR,3.00430989265442,2.40700006484985,0.163190007209778,0.722010016441345,1.88926005363464,1.86303997039795,0.90709000825882,1.38424003124237,1.44597995281219,1.07517004013062,..,..
Children out of school (% of primary school age),SE.PRM.UNER.ZS,Kosovo,XKX,..,..,..,..,..,..,..,..,..,..,..,..
Children out of school (% of primary school age),SE.PRM.UNER.ZS,Kuwait,KWT,..,9.92984008789062,2.95161008834839,..,..,..,..,..,..,..,..,..
Children out of school (% of primary school age),SE.PRM.UNER.ZS,Kyrgyz Republic,KGZ,..,10.4371900558472,2.11637496948242,2.12357115745544,2.3221287727356,1.32305204868317,2.34664177894592,4.4303994178772,5.29445695877075,6.08423805236816,..,..
Children out of school (% of primary school age),SE.PRM.UNER.ZS,Lao PDR,LAO,36.3134803771973,24.3092803955078,4.92928171157837,5.33991003036499,6.21940135955811,6.53915023803711,6.11166858673096,6.03144121170044,5.88001918792725,7.9558482170105,7.82738304138184,..
Children out of school (% of primary school age),SE.PRM.UNER.ZS,Latvia,LVA,..,..,2.03865003585815,1.73730003833771,1.5161999464035,1.1314400434494,1.17625999450684,1.3022700548172,1.27524995803833,1.4437700510025,..,..
Children out of school (% of primary school age),SE.PRM.UNER.ZS,Lebanon,LBN,..,..,..,..,..,..,..,..,..,..,24.1605796813965,..
Children out of school (% of primary school age),SE.PRM.UNER.ZS,Lesotho,LSO,32.3330993652344,23.1685791015625,13.8050260543823,13.0269794464111,11.2506952285767,16.3789768218994,18.7836017608643,20.0545063018799,26.1961269378662,25.1820106506348,26.6825370788574,..
Children out of school (% of primary school age),SE.PRM.UNER.ZS,Liberia,LBR,..,..,..,20.1446514129639,26.1306552886963,..,..,30.9169864654541,34.8804244995117,37.6625518798828,..,..
Children out of school (% of primary school age),SE.PRM.UNER.ZS,Libya,LBY,..,..,..,..,..,..,..,..,..,..,..,..
Children out of school (% of primary school age),SE.PRM.UNER.ZS,Liechtenstein,LIE,..,..,0.0334899984300137,0.324479997158051,0.158690005540848,0.14877000451088,0.0796599984169006,0.564339995384216,0.824760019779205,..,..,..
Children out of school (% of primary school age),SE.PRM.UNER.ZS,Lithuania,LTU,..,0.114419996738434,0.34909999370575,0.192770004272461,0.141169995069504,0.374949991703033,0.584789991378784,0.513300001621246,0.54355001449585,0.0236399993300438,..,..
Children out of school (% of primary school age),SE.PRM.UNER.ZS,Luxembourg,LUX,..,4.10423994064331,2.62757992744446,2.61967992782593,3.30612993240356,2.44804000854492,1.47956001758575,1.59484994411469,1.65278995037079,0.345420002937317,..,..
Children out of school (% of primary school age),SE.PRM.UNER.ZS,"Macao SAR, China",MAC,16.0357303619385,10.664529800415,4.24691009521484,2.44828009605408,2.6699800491333,2.20133996009827,6.13608980178833,9.81147956848145,12.7311601638794,16.3325595855713,14.203200340271,..
Children out of school (% of primary school age),SE.PRM.UNER.ZS,Madagascar,MDG,36.9860191345215,36.5061912536621,2.04909563064575,2.06472992897034,2.14274644851685,2.22801995277405,5.77707719802856,3.27082586288452,..,..,..,..
Children out of school (% of primary school age),SE.PRM.UNER.ZS,Malawi,MWI,..,..,..,50.3821716308594,..,..,..,..,2.36099672317505,2.24473571777344,..,..
Children out of school (% of primary school age),SE.PRM.UNER.ZS,Malaysia,MYS,..,0.546090006828308,4.79152870178223,4.48947525024414,3.72371673583984,2.84282875061035,4.23968172073364,3.54035997390747,3.97179961204529,4.69322156906128,1.8531641960144,..
Children out of school (% of primary school age),SE.PRM.UNER.ZS,Maldives,MDV,..,2.73199009895325,2.84099841117859,3.89429759979248,4.29045009613037,3.42507767677307,2.91542887687683,2.08544397354126,..,6.01357269287109,9.52615165710449,..
Children out of school (% of primary school age),SE.PRM.UNER.ZS,Mali,MLI,..,..,42.129508972168,40.7650108337402,35.7258796691895,43.7249794006348,..,..,..,..,32.5269012451172,..
Children out of school (% of primary school age),SE.PRM.UNER.ZS,Malta,MLT,2.33513998985291,..,1.24618995189667,1.27506995201111,1.05804002285004,0.859640002250671,2.29421997070312,3.63435006141663,5.06799983978271,6.87698984146118,..,..
Children out of school (% of primary school age),SE.PRM.UNER.ZS,Marshall Islands,MHL,..,..,6.18913984298706,3.65358996391296,..,..,1.13718998432159,3.36907005310059,2.70314002037048,2.44869995117188,..,..
Children out of school (% of primary school age),SE.PRM.UNER.ZS,Mauritania,MRT,..,42.2472915649414,..,32.8678817749023,28.9053592681885,27.3820896148682,30.5592803955078,..,..,..,..,..
Children out of school (% of primary school age),SE.PRM.UNER.ZS,Mauritius,MUS,9.99306964874268,0.624119997024536,5.28578996658325,5.00507020950317,4.69480991363525,2.43055009841919,4.19625997543335,3.64071989059448,6.08726978302002,..,1.74340999126434,..
Children out of school (% of primary school age),SE.PRM.UNER.ZS,Mexico,MEX,0,0.059969998896122,0.316359996795654,0.3126600086689,0.333790004253387,0.255989998579025,0.317059993743896,0.29093998670578,0.333270013332367,0.341919988393784,..,..
Children out of school (% of primary school age),SE.PRM.UNER.ZS,"Micronesia, Fed. Sts.",FSM,..,..,17.283109664917,11.3523111343384,12.0839910507202,4.74072980880737,10.507550239563,16.5258407592773,15.7935943603516,15.9594497680664,..,..
Children out of school (% of primary school age),SE.PRM.UNER.ZS,Moldova,MDA,..,..,0.45006000995636,0.616850018501282,0.646189987659454,0.645780026912689,1.92910003662109,0.796509981155396,..,..,..,..
Children out of school (% of primary school age),SE.PRM.UNER.ZS,Monaco,MCO,..,..,..,..,..,..,..,..,..,..,..,..
Children out of school (% of primary school age),SE.PRM.UNER.ZS,Mongolia,MNG,..,8.80910968780518,4.84401988983154,3.73014998435974,4.35439014434814,3.16599917411804,3.94148755073547,4.91705894470215,5.38902711868286,5.21804285049438,5.06079483032227,..
Children out of school (% of primary school age),SE.PRM.UNER.ZS,Montenegro,MNE,..,..,0.0383899994194508,1.25121998786926,0.123250000178814,2.28250002861023,0.324160009622574,0.308450013399124,0.17315000295639,..,0.21832999587059,..
Children out of school (% of primary school age),SE.PRM.UNER.ZS,Morocco,MAR,45.4745903015137,19.4521903991699,..,6.4555401802063,5.13143014907837,3.28017997741699,1.8772599697113,0.33704999089241,0.340330004692078,0.527440011501312,0.714739978313446,..
Children out of school (% of primary school age),SE.PRM.UNER.ZS,Mozambique,MOZ,49.8908195495605,42.6495513916016,3.53144001960754,4.97640991210938,6.6296501159668,3.16380000114441,1.2936600446701,0.847180008888245,..,1.03396999835968,..,..
Children out of school (% of primary school age),SE.PRM.UNER.ZS,Myanmar,MMR,..,8.00111961364746,..,..,..,..,..,..,..,..,..,..
Children out of school (% of primary school age),SE.PRM.UNER.ZS,Namibia,NAM,13.8672304153442,11.0408601760864,0.38489156961441,..,..,..,..,..,..,..,..,..
Children out of school (% of primary school age),SE.PRM.UNER.ZS,Nauru,NRU,..,..,..,8.83806991577148,..,..,3.67391991615295,13.002610206604,..,10.9664497375488,3.74752998352051,..
Children out of school (% of primary school age),SE.PRM.UNER.ZS,Nepal,NPL,..,30.7744808197021,1.59839999675751,1.14783000946045,2.00387001037598,..,..,..,1.3450562953949,1.01460039615631,3.60089778900146,..
Children out of school (% of primary school age),SE.PRM.UNER.ZS,Netherlands,NLD,5.72687005996704,..,..,..,0.202069997787476,0.260549992322922,0.126550003886223,0.173940002918243,0.191049993038177,0.405660003423691,..,..
Children out of school (% of primary school age),SE.PRM.UNER.ZS,New Caledonia,NCL,6.08563995361328,..,..,..,..,..,..,..,..,..,..,..
Children out of school (% of primary school age),SE.PRM.UNER.ZS,New Zealand,NZL,0.672049999237061,..,1.17346000671387,1.19614005088806,..,1.28593003749847,0.975210011005402,1.29258000850677,1.3500200510025,2.54800009727478,..,..
Children out of school (% of primary school age),SE.PRM.UNER.ZS,Nicaragua,NIC,33.5346794128418,17.1530303955078,..,..,..,..,..,..,..,..,9.74831008911133,..
Children out of school (% of primary school age),SE.PRM.UNER.ZS,Niger,NER,77.7464065551758,73.5277786254883,34.9084587097168,33.643798828125,30.4487400054932,37.4042015075684,38.0393409729004,..,39.1249885559082,39.1558303833008,37.888988494873,..
Children out of school (% of primary school age),SE.PRM.UNER.ZS,Nigeria,NGA,..,33.476390838623,..,..,..,..,..,..,..,..,..,..
Children out of school (% of primary school age),SE.PRM.UNER.ZS,North Macedonia,MKD,..,0.0527000017464161,2.27909994125366,..,2.90700006484985,3.34319996833801,7.26470994949341,6.8620400428772,7.36266994476318,2.96356010437012,..,..
Children out of school (% of primary school age),SE.PRM.UNER.ZS,Northern Mariana Islands,MNP,..,..,..,..,..,..,..,..,..,..,..,..
Children out of school (% of primary school age),SE.PRM.UNER.ZS,Norway,NOR,1.05317997932434,0.701390027999878,0.532079994678497,0.69080001115799,0.65148001909256,0.752420008182526,0.832340002059937,1.03313994407654,0.939869999885559,0.949949979782104,..,..
Children out of school (% of primary school age),SE.PRM.UNER.ZS,Oman,OMN,32.4739799499512,15.9029598236084,3.58839988708496,4.21372985839844,2.69878005981445,1.358029961586,2.73849010467529,10.3380699157715,10.9042901992798,11.0642404556274,4.31122016906738,..
Children out of school (% of primary school age),SE.PRM.UNER.ZS,Pakistan,PAK,..,..,..,..,..,..,..,..,26.7069053649902,25.1649971008301,..,..
Children out of school (% of primary school age),SE.PRM.UNER.ZS,Palau,PLW,..,..,..,..,..,..,..,2.79913997650146,2.07774996757507,17.6949157714844,12.5941133499146,..
Children out of school (% of primary school age),SE.PRM.UNER.ZS,Panama,PAN,12.1486797332764,5.25768995285034,10.2709102630615,..,13.0242204666138,..,11.456859588623,10.8986902236938,4.27251005172729,3.90560007095337,9.74936008453369,..
Children out of school (% of primary school age),SE.PRM.UNER.ZS,Papua New Guinea,PNG,..,..,..,11.4764499664307,..,1.30555999279022,..,..,..,..,..,..
Children out of school (% of primary school age),SE.PRM.UNER.ZS,Paraguay,PRY,0.499269992113113,0.812359988689423,..,12.4843902587891,..,..,..,12.3713703155518,12.2538995742798,11.9459199905396,12.2711296081543,..
Children out of school (% of primary school age),SE.PRM.UNER.ZS,Peru,PER,..,1.20410001277924,..,2.17479991912842,4.11062002182007,3.78958010673523,1.69684994220734,0.251080006361008,0.0838200002908707,0.258679986000061,0.258359998464584,..
Children out of school (% of primary school age),SE.PRM.UNER.ZS,Philippines,PHL,1.90197002887726,..,6.01101922988892,6.78922748565674,7.14271068572998,7.36187362670898,6.15197610855103,5.98956108093262,10.5230550765991,9.66665554046631,9.56472969055176,..
Children out of school (% of primary school age),SE.PRM.UNER.ZS,Poland,POL,..,1.28238999843597,..,..,4.87842988967896,4.576819896698,3.40893006324768,1.47061002254486,0.0214900001883507,0.0187699999660254,..,..
Children out of school (% of primary school age),SE.PRM.UNER.ZS,Portugal,PRT,0.319429993629456,2.4111499786377,1.22552001476288,1.7857700586319,1.80541002750397,1.45345997810364,0.722739994525909,0.214780002832413,0.0724100023508072,0.337850004434586,..,..
Children out of school (% of primary school age),SE.PRM.UNER.ZS,Puerto Rico (US),PRI,..,..,2.7660698890686,6.72430992126465,..,4.77967977523804,..,..,..,..,17.9344997406006,..
Children out of school (% of primary school age),SE.PRM.UNER.ZS,Qatar,QAT,2.53875994682312,6.6247501373291,3.98114991188049,1.69530999660492,0.0882299989461899,0.664699971675873,1.87943005561829,2.12278008460999,12.3901100158691,7.61488008499146,..,..
Children out of school (% of primary school age),SE.PRM.UNER.ZS,Romania,ROU,..,0.51298999786377,7.88606023788452,8.94709968566895,9.39772987365723,8.44326972961426,7.58277988433838,8.2678804397583,9.58043956756592,15.6128101348877,..,..
Children out of school (% of primary school age),SE.PRM.UNER.ZS,Russian Federation,RUS,..,..,2.02374005317688,2.06768989562988,0.371010005474091,0.0791599974036217,0.196549996733665,1.03143000602722,2.06003999710083,2.63493990898132,4.93521976470947,..
Children out of school (% of primary school age),SE.PRM.UNER.ZS,Rwanda,RWA,..,..,..,1.23701000213623,1.15994000434875,1.38027000427246,1.55754995346069,..,0.101779997348785,..,0.48879000544548,..
Children out of school (% of primary school age),SE.PRM.UNER.ZS,Samoa,WSM,..,5.79495000839233,0.0463786274194717,0.883148968219757,0.282470256090164,1.178297996521,1.48075330257416,0.929040014743805,1.13845264911652,0.973304033279419,2.98071312904358,..
Children out of school (% of primary school age),SE.PRM.UNER.ZS,San Marino,SMR,2.16784000396729,6.26887989044189,..,..,..,..,5.55238008499146,5.59482002258301,6.30631017684937,6.3125,6.76642990112305,..
Children out of school (% of primary school age),SE.PRM.UNER.ZS,Sao Tome and Principe,STP,3.34327006340027,..,9.61688995361328,..,3.53613996505737,5.20358657836914,52.256908416748,..,5.83157587051392,..,..,..
Children out of school (% of primary school age),SE.PRM.UNER.ZS,Saudi Arabia,SAU,..,..,2.70409989356995,2.68338990211487,..,..,..,2.63566994667053,2.8173999786377,..,..,..
Children out of school (% of primary school age),SE.PRM.UNER.ZS,Senegal,SEN,56.0500717163086,40.656078338623,24.2761096954346,..,..,..,24.5827293395996,23.2223796844482,25.908260345459,26.6153793334961,26.5942707061768,..
Children out of school (% of primary school age),SE.PRM.UNER.ZS,Serbia,SRB,..,..,0.133059993386269,0.301999986171722,0.622420012950897,1.28152000904083,1.85319995880127,2.51764988899231,3.73237991333008,1.70560002326965,..,..
Children out of school (% of primary school age),SE.PRM.UNER.ZS,Seychelles,SYC,..,..,..,..,..,..,..,..,..,1.92701995372772,2.83371996879578,..
Children out of school (% of primary school age),SE.PRM.UNER.ZS,Sierra Leone,SLE,..,..,1.62360417842865,1.70402526855469,..,..,..,..,..,..,..,..
Children out of school (% of primary school age),SE.PRM.UNER.ZS,Singapore,SGP,..,..,..,0.0103900004178286,0.0308100003749132,0.204339995980263,0.101080000400543,0.115780003368855,0.648090004920959,0.930599987506866,..,..
Children out of school (% of primary school age),SE.PRM.UNER.ZS,Sint Maarten (Dutch part),SXM,..,..,..,..,..,..,..,..,..,..,..,..
Children out of school (% of primary school age),SE.PRM.UNER.ZS,Slovak Republic,SVK,..,..,6.25650978088379,6.69732999801636,5.94450998306274,7.00273990631104,6.00138998031616,4.97786998748779,4.33282995223999,2.8592700958252,..,..
Children out of school (% of primary school age),SE.PRM.UNER.ZS,Slovenia,SVN,..,2.05657005310059,1.71205997467041,2.20773005485535,2.06335997581482,1.51131999492645,1.28426003456116,0.999339997768402,1.50478005409241,1.2043399810791,..,..
Children out of school (% of primary school age),SE.PRM.UNER.ZS,Solomon Islands,SLB,..,..,1.27486002445221,..,..,5.32353162765503,6.62225866317749,..,..,..,28.6276168823242,..
Children out of school (% of primary school age),SE.PRM.UNER.ZS,Somalia,SOM,..,..,..,..,..,..,..,..,..,..,..,..
Children out of school (% of primary school age),SE.PRM.UNER.ZS,South Africa,ZAF,..,20.2206592559814,5.2075400352478,..,3.8933699131012,7.92723989486694,8.17341995239258,9.56846046447754,7.24069023132324,11.5842599868774,..,..
Children out of school (% of primary school age),SE.PRM.UNER.ZS,South Sudan,SSD,..,..,63.0254287719727,..,..,..,..,..,..,..,..,..
Children out of school (% of primary school age),SE.PRM.UNER.ZS,Spain,ESP,0.18987999856472,0.0211900006979704,3.03518009185791,2.93603992462158,2.72563004493713,2.45879006385803,2.05715990066528,1.83044004440308,1.85924005508423,1.79373002052307,..,..
Children out of school (% of primary school age),SE.PRM.UNER.ZS,Sri Lanka,LKA,..,..,3.86436009407043,3.20425009727478,3.09529995918274,3.29846000671387,3.65856027603149,2.68855142593384,1.85414361953735,0.97966194152832,..,..
Children out of school (% of primary school age),SE.PRM.UNER.ZS,St. Kitts and Nevis,KNA,..,0.384460002183914,..,..,..,..,..,..,..,..,..,..
Children out of school (% of primary school age),SE.PRM.UNER.ZS,St. Lucia,LCA,14.8978300094604,7.19896984100342,6.27240991592407,6.68854999542236,6.53209018707275,5.92807006835938,5.02108001708984,4.93486022949219,3.60141706466675,2.0918300151825,6.61925983428955,..
Children out of school (% of primary school age),SE.PRM.UNER.ZS,St. Martin (French part),MAF,..,..,..,..,..,..,..,..,..,..,..,..
Children out of school (% of primary school age),SE.PRM.UNER.ZS,St. Vincent and the Grenadines,VCT,..,4.70771980285645,..,..,..,..,..,..,..,1.67785656452179,1.38979387283325,..
Children out of school (% of primary school age),SE.PRM.UNER.ZS,Sudan,SDN,..,..,40.6517181396484,39.4689712524414,38.1108703613281,33.8739814758301,..,..,..,..,..,..
Children out of school (% of primary school age),SE.PRM.UNER.ZS,Suriname,SUR,..,..,16.1553897857666,14.8751096725464,18.4765701293945,17.8886108398438,15.7831497192383,14.6531000137329,19.490930557251,..,48.9471588134766,..
Children out of school (% of primary school age),SE.PRM.UNER.ZS,Sweden,SWE,0.728060007095337,0.270150005817413,0.801379978656769,..,..,..,0.757759988307953,0.683870017528534,0.507719993591309,0.566910028457642,..,..
Children out of school (% of primary school age),SE.PRM.UNER.ZS,Switzerland,CHE,18.511739730835,0.604170024394989,0.0326999984681606,0.0869100019335747,0.126169994473457,0.130789995193481,0.105669997632504,0.137390002608299,0.235210001468658,0.263319998979568,..,..
Children out of school (% of primary school age),SE.PRM.UNER.ZS,Syrian Arab Republic,SYR,3.83441996574402,3.03668999671936,..,..,..,..,..,32.6716613769531,33.1737785339355,28.9314994812012,23.5768909454346,..
Children out of school (% of primary school age),SE.PRM.UNER.ZS,Tajikistan,TJK,..,4.43426990509033,8.27425956726074,6.76179981231689,4.00798988342285,..,..,..,..,..,..,..
Children out of school (% of primary school age),SE.PRM.UNER.ZS,Tanzania,TZA,50.6167297363281,46.338508605957,19.9182090759277,16.7174892425537,16.9483604431152,19.2357482910156,16.8544597625732,15.7628345489502,14.9798669815063,15.2629585266113,16.3821773529053,..
Children out of school (% of primary school age),SE.PRM.UNER.ZS,Thailand,THA,..,..,..,..,3.30428028106689,0.282743006944656,0.577561140060425,0.429097533226013,0.546331882476807,0.348411291837692,1.59828901290894,..
Children out of school (% of primary school age),SE.PRM.UNER.ZS,Timor-Leste,TLS,..,..,6.53488254547119,6.8122935295105,4.5170373916626,5.47794389724731,5.75743818283081,5.03631210327148,..,..,..,..
Children out of school (% of primary school age),SE.PRM.UNER.ZS,Togo,TGO,36.2271194458008,14.5088796615601,5.79511022567749,8.35690975189209,8.26955032348633,6.72324991226196,4.97313976287842,1.12746000289917,1.01215994358063,0.949190020561218,0.771740019321442,..
Children out of school (% of primary school age),SE.PRM.UNER.ZS,Tonga,TON,11.5099897384644,..,2.26038551330566,..,..,0.214388981461525,0.0236200001090765,0.345165193080902,3.69589114189148,2.28040981292725,0.51310396194458,..
Children out of school (% of primary school age),SE.PRM.UNER.ZS,Trinidad and Tobago,TTO,15.0237302780151,2.65447998046875,..,..,..,..,..,..,..,..,33.8896293640137,..
Children out of school (% of primary school age),SE.PRM.UNER.ZS,Tunisia,TUN,10.611310005188,6.63744020462036,0.914499998092651,0.972029983997345,0.910799980163574,0.869229972362518,..,0.644219994544983,1.05719995498657,1.71312999725342,1.9412100315094,..
Children out of school (% of primary school age),SE.PRM.UNER.ZS,Turkiye,TUR,4.00584983825684,..,1.34091997146606,1.81037998199463,0.706009984016418,0.207489997148514,0.20236000418663,0.225869998335838,0.218380004167557,0.263200014829636,..,..
Children out of school (% of primary school age),SE.PRM.UNER.ZS,Turkmenistan,TKM,..,..,..,..,..,..,..,..,..,..,..,..
Children out of school (% of primary school age),SE.PRM.UNER.ZS,Turks and Caicos Islands,TCA,..,4.9974799156189,9.01194381713867,..,6.32978391647339,..,..,..,4.86958980560303,..,..,..
Children out of school (% of primary school age),SE.PRM.UNER.ZS,Tuvalu,TUV,..,..,0.777481436729431,0.450789988040924,..,..,10.6837596893311,8.61581993103027,1.15041995048523,2.6931300163269,0.975709974765778,..
Children out of school (% of primary school age),SE.PRM.UNER.ZS,Uganda,UGA,..,..,13.3871841430664,11.2355051040649,11.5400381088257,..,..,..,..,..,..,..
Children out of school (% of primary school age),SE.PRM.UNER.ZS,Ukraine,UKR,..,..,15.9672603607178,16.2605400085449,16.460880279541,16.80419921875,16.3829097747803,16.3474807739258,15.8709897994995,..,..,..
Children out of school (% of primary school age),SE.PRM.UNER.ZS,United Arab Emirates,ARE,7.62117004394531,7.23044013977051,16.4465198516846,16.3117408752441,24.595329284668,..,19.5383205413818,17.8913993835449,..,..,0.176060006022453,..
Children out of school (% of primary school age),SE.PRM.UNER.ZS,United Kingdom,GBR,3.56858992576599,0.0518000014126301,1.50853002071381,1.34633004665375,0.882520020008087,0.442640006542206,0.0504200011491776,0.0263199992477894,0.032150000333786,0.0949100032448769,..,..
Children out of school (% of primary school age),SE.PRM.UNER.ZS,United States,USA,..,..,1.80586004257202,0.35997000336647,0.424380004405975,0.574209988117218,0.916570007801056,2.00507998466492,4.09511995315552,3.98220992088318,..,..
Children out of school (% of primary school age),SE.PRM.UNER.ZS,Uruguay,URY,..,..,0.587119996547699,0.0343299992382526,0.251379996538162,0.159119993448257,0.524500012397766,0.367909997701645,0.202429994940758,0.0360299982130527,..,..
Children out of school (% of primary school age),SE.PRM.UNER.ZS,Uzbekistan,UZB,..,..,2.34213829040527,1.67422437667847,1.84315097332001,0.373896360397339,1.585564494133,1.64796996116638,1.84099853038788,4.10981321334839,4.80832624435425,..
Children out of school (% of primary school age),SE.PRM.UNER.ZS,Vanuatu,VUT,..,9.60387992858887,4.99485015869141,..,..,..,6.7335901260376,8.53855991363525,4.89456033706665,8.15318584442139,8.58085155487061,..
Children out of school (% of primary school age),SE.PRM.UNER.ZS,"Venezuela, RB",VEN,..,9.06039047241211,7.16062021255493,10.1126699447632,12.4595899581909,..,..,..,..,..,0.547710001468658,..
Children out of school (% of primary school age),SE.PRM.UNER.ZS,Viet Nam,VNM,..,0,0.346842527389526,..,..,..,..,..,..,..,..,..
Children out of school (% of primary school age),SE.PRM.UNER.ZS,Virgin Islands (U.S.),VIR,..,..,..,..,..,..,..,..,..,..,..,..
Children out of school (% of primary school age),SE.PRM.UNER.ZS,West Bank and Gaza,PSE,..,7.39845991134644,6.26458978652954,5.53796005249023,4.04794979095459,4.46160984039307,5.10153007507324,5.94301986694336,7.80509996414185,9.19754981994629,8.92166042327881,..
Children out of school (% of primary school age),SE.PRM.UNER.ZS,"Yemen, Rep.",YEM,..,..,..,24.3842792510986,..,..,..,..,..,..,..,..
Children out of school (% of primary school age),SE.PRM.UNER.ZS,Zambia,ZMB,..,31.6756496429443,..,..,14.445050239563,..,..,..,..,..,..,..
Children out of school (% of primary school age),SE.PRM.UNER.ZS,Zimbabwe,ZWE,..,5.86683988571167,15.1633396148682,13.9904298782349,15.8448495864868,15.1912002563477,14.8436603546143,13.5668296813965,6.27261686325073,5.58717250823975,..,..
Children out of school (% of primary school age),SE.PRM.UNER.ZS,Africa Eastern and Southern,AFE,..,..,..,..,..,..,..,..,..,..,..,..
Children out of school (% of primary school age),SE.PRM.UNER.ZS,Africa Western and Central,AFW,..,..,..,..,..,..,..,..,..,..,..,..
Children out of school (% of primary school age),SE.PRM.UNER.ZS,Arab World,ARB,..,..,..,..,..,..,..,..,..,..,..,..
Children out of school (% of primary school age),SE.PRM.UNER.ZS,Caribbean small states,CSS,..,..,..,..,..,..,..,..,..,..,..,..
Children out of school (% of primary school age),SE.PRM.UNER.ZS,Central Europe and the Baltics,CEB,..,..,..,..,..,..,..,..,..,..,..,..
Children out of school (% of primary school age),SE.PRM.UNER.ZS,Early-demographic dividend,EAR,..,..,..,..,..,..,..,..,..,..,..,..
Children out of school (% of primary school age),SE.PRM.UNER.ZS,East Asia & Pacific,EAS,..,..,..,..,..,..,..,..,..,..,..,..
Children out of school (% of primary school age),SE.PRM.UNER.ZS,East Asia & Pacific (excluding high income),EAP,..,..,..,..,..,..,..,..,..,..,..,..
Children out of school (% of primary school age),SE.PRM.UNER.ZS,East Asia & Pacific (IDA & IBRD countries),TEA,..,..,..,..,..,..,..,..,..,..,..,..
Children out of school (% of primary school age),SE.PRM.UNER.ZS,Euro area,EMU,..,..,..,..,..,..,..,..,..,..,..,..
Children out of school (% of primary school age),SE.PRM.UNER.ZS,Europe & Central Asia,ECS,..,..,..,..,..,..,..,..,..,..,..,..
Children out of school (% of primary school age),SE.PRM.UNER.ZS,Europe & Central Asia (excluding high income),ECA,..,..,..,..,..,..,..,..,..,..,..,..
Children out of school (% of primary school age),SE.PRM.UNER.ZS,Europe & Central Asia (IDA & IBRD countries),TEC,..,..,..,..,..,..,..,..,..,..,..,..
Children out of school (% of primary school age),SE.PRM.UNER.ZS,European Union,EUU,..,..,..,..,..,..,..,..,..,..,..,..
Children out of school (% of primary school age),SE.PRM.UNER.ZS,Fragile and conflict affected situations,FCS,..,..,..,..,..,..,..,..,..,..,..,..
Children out of school (% of primary school age),SE.PRM.UNER.ZS,Heavily indebted poor countries (HIPC),HPC,..,..,..,..,..,..,..,..,..,..,..,..
Children out of school (% of primary school age),SE.PRM.UNER.ZS,High income,HIC,..,5,2,2,2,2,2,2,2,2,2,..
Children out of school (% of primary school age),SE.PRM.UNER.ZS,IBRD only,IBD,..,..,..,..,..,..,..,..,..,..,..,..
Children out of school (% of primary school age),SE.PRM.UNER.ZS,IDA & IBRD total,IBT,..,..,..,..,..,..,..,..,..,..,..,..
Children out of school (% of primary school age),SE.PRM.UNER.ZS,IDA blend,IDB,..,..,..,..,..,..,..,..,..,..,..,..
Children out of school (% of primary school age),SE.PRM.UNER.ZS,IDA only,IDX,..,..,..,..,..,..,..,..,..,..,..,..
Children out of school (% of primary school age),SE.PRM.UNER.ZS,IDA total,IDA,..,..,..,..,..,..,..,..,..,..,..,..
Children out of school (% of primary school age),SE.PRM.UNER.ZS,Late-demographic dividend,LTE,..,..,..,..,..,..,..,..,..,..,..,..
Children out of school (% of primary school age),SE.PRM.UNER.ZS,Latin America & Caribbean,LCN,..,..,..,..,..,..,..,..,..,..,..,..
Children out of school (% of primary school age),SE.PRM.UNER.ZS,Latin America & Caribbean (excluding high income),LAC,..,..,..,..,..,..,..,..,..,..,..,..
Children out of school (% of primary school age),SE.PRM.UNER.ZS,Latin America & the Caribbean (IDA & IBRD countries),TLA,..,..,..,..,..,..,..,..,..,..,..,..
Children out of school (% of primary school age),SE.PRM.UNER.ZS,Least developed countries: UN classification,LDC,..,..,..,..,..,..,..,..,..,..,..,..
Children out of school (% of primary school age),SE.PRM.UNER.ZS,Low & middle income,LMY,..,..,..,..,..,..,..,..,..,..,..,..
Children out of school (% of primary school age),SE.PRM.UNER.ZS,Low income,LIC,..,45,25,25,25,25,24,24,23,23,23,..
Children out of school (% of primary school age),SE.PRM.UNER.ZS,Lower middle income,LMC,..,28,13,13,12,12,11,11,10,10,10,..
Children out of school (% of primary school age),SE.PRM.UNER.ZS,"Middle East, North Africa, Afghanistan & Pakistan",MEA,..,..,..,..,..,..,..,..,..,..,..,..
Children out of school (% of primary school age),SE.PRM.UNER.ZS,"Middle East, North Africa, Afghanistan & Pakistan (excluding high income)",MNA,..,..,..,..,..,..,..,..,..,..,..,..
Children out of school (% of primary school age),SE.PRM.UNER.ZS,"Middle East, North Africa, Afghanistan & Pakistan (IDA & IBRD)",TMN,..,..,..,..,..,..,..,..,..,..,..,..
Children out of school (% of primary school age),SE.PRM.UNER.ZS,Middle income,MIC,..,..,..,..,..,..,..,..,..,..,..,..
Children out of school (% of primary school age),SE.PRM.UNER.ZS,North America,NAC,..,..,..,..,..,..,..,..,..,..,..,..
Children out of school (% of primary school age),SE.PRM.UNER.ZS,Not classified,INX,..,..,..,..,..,..,..,..,..,..,..,..
Children out of school (% of primary school age),SE.PRM.UNER.ZS,OECD members,OED,..,..,..,..,..,..,..,..,..,..,..,..
Children out of school (% of primary school age),SE.PRM.UNER.ZS,Other small states,OSS,..,..,..,..,..,..,..,..,..,..,..,..
Children out of school (% of primary school age),SE.PRM.UNER.ZS,Pacific island small states,PSS,..,..,..,..,..,..,..,..,..,..,..,..
Children out of school (% of primary school age),SE.PRM.UNER.ZS,Post-demographic dividend,PST,..,..,..,..,..,..,..,..,..,..,..,..
Children out of school (% of primary school age),SE.PRM.UNER.ZS,Pre-demographic dividend,PRE,..,..,..,..,..,..,..,..,..,..,..,..
Children out of school (% of primary school age),SE.PRM.UNER.ZS,Small states,SST,..,..,..,..,..,..,..,..,..,..,..,..
Children out of school (% of primary school age),SE.PRM.UNER.ZS,South Asia,SAS,..,..,..,..,..,..,..,..,..,..,..,..
Children out of school (% of primary school age),SE.PRM.UNER.ZS,South Asia (IDA & IBRD),TSA,..,..,..,..,..,..,..,..,..,..,..,..
Children out of school (% of primary school age),SE.PRM.UNER.ZS,Sub-Saharan Africa,SSF,..,..,..,..,..,..,..,..,..,..,..,..
Children out of school (% of primary school age),SE.PRM.UNER.ZS,Sub-Saharan Africa (excluding high income),SSA,..,..,..,..,..,..,..,..,..,..,..,..
Children out of school (% of primary school age),SE.PRM.UNER.ZS,Sub-Saharan Africa (IDA & IBRD countries),TSS,..,..,..,..,..,..,..,..,..,..,..,..
Children out of school (% of primary school age),SE.PRM.UNER.ZS,Upper middle income,UMC,..,5,4,4,4,4,4,4,5,5,5,..
Children out of school (% of primary school age),SE.PRM.UNER.ZS,World,WLD,..,..,..,..,..,..,..,..,..,..,..,..
"GNI per capita, Atlas method (current US$)",NY.GNP.PCAP.CD,Afghanistan,AFG,..,..,590,560,530,520,520,490,380,370,370,..
"GNI per capita, Atlas method (current US$)",NY.GNP.PCAP.CD,Albania,ALB,650,1130,4410,4370,4340,4910,5300,5320,6150,6820,7680,8690
"GNI per capita, Atlas method (current US$)",NY.GNP.PCAP.CD,Algeria,DZA,2400,1600,5390,4920,4440,4450,4480,4020,4120,4430,4950,5320
"GNI per capita, Atlas method (current US$)",NY.GNP.PCAP.CD,American Samoa,ASM,..,..,..,..,..,..,..,..,..,..,..,..
"GNI per capita, Atlas method (current US$)",NY.GNP.PCAP.CD,Andorra,AND,..,..,..,..,..,..,46450,42450,44720,47590,47920,48870
"GNI per capita, Atlas method (current US$)",NY.GNP.PCAP.CD,Angola,AGO,790,360,3920,2540,2090,1970,2110,1680,1640,1870,2130,2220
"GNI per capita, Atlas method (current US$)",NY.GNP.PCAP.CD,Antigua and Barbuda,ATG,7040,11200,14550,15080,15860,17460,18250,15390,16680,18850,19880,21380
"GNI per capita, Atlas method (current US$)",NY.GNP.PCAP.CD,Argentina,ARG,3180,7400,12500,12130,13070,12390,11210,9040,10070,11820,12890,13440
"GNI per capita, Atlas method (current US$)",NY.GNP.PCAP.CD,Armenia,ARM,..,630,3910,3690,3900,4220,4650,4230,4580,5680,6840,7780
"GNI per capita, Atlas method (current US$)",NY.GNP.PCAP.CD,Aruba,ABW,12120,20060,24460,25270,27110,28130,28720,22220,28020,30590,30120,..
"GNI per capita, Atlas method (current US$)",NY.GNP.PCAP.CD,Australia,AUS,17340,21300,60520,54100,51480,53080,54890,53630,57180,60710,63160,62550
"GNI per capita, Atlas method (current US$)",NY.GNP.PCAP.CD,Austria,AUT,20550,26660,47190,45980,44800,48710,50900,49000,53400,56320,55220,54160
"GNI per capita, Atlas method (current US$)",NY.GNP.PCAP.CD,Azerbaijan,AZE,..,630,6610,4790,4110,4080,4510,4480,4910,5670,6670,7310
"GNI per capita, Atlas method (current US$)",NY.GNP.PCAP.CD,"Bahamas, The",BHS,11020,23880,27620,27820,29570,30650,31630,25180,29910,33790,35540,..
"GNI per capita, Atlas method (current US$)",NY.GNP.PCAP.CD,Bahrain,BHR,8740,12500,23640,22720,22360,24200,25800,23870,25240,28300,28460,28810
"GNI per capita, Atlas method (current US$)",NY.GNP.PCAP.CD,Bangladesh,BGD,290,410,1200,1400,1640,2020,2220,2320,2600,2850,2880,2820
"GNI per capita, Atlas method (current US$)",NY.GNP.PCAP.CD,Barbados,BRB,7670,11170,18010,18070,18240,18820,19490,17610,18320,22290,22870,23660
"GNI per capita, Atlas method (current US$)",NY.GNP.PCAP.CD,Belarus,BLR,..,1380,6740,5640,5320,5730,6370,6410,7040,7210,7850,8240
"GNI per capita, Atlas method (current US$)",NY.GNP.PCAP.CD,Belgium,BEL,19310,25890,45520,43240,42310,45980,48070,46330,51130,54410,55020,54840
"GNI per capita, Atlas method (current US$)",NY.GNP.PCAP.CD,Belize,BLZ,3080,4480,5790,5650,5490,5630,5870,5170,6090,6710,6890,7640
"GNI per capita, Atlas method (current US$)",NY.GNP.PCAP.CD,Benin,BEN,350,450,1100,1040,1020,1120,1170,1190,1280,1360,1390,1430
"GNI per capita, Atlas method (current US$)",NY.GNP.PCAP.CD,Bermuda,BMU,..,..,103940,105430,113460,117160,116920,110960,120410,132200,134500,140280
"GNI per capita, Atlas method (current US$)",NY.GNP.PCAP.CD,Bhutan,BTN,500,710,2740,2880,2960,3150,3370,3040,3300,3600,3740,..
"GNI per capita, Atlas method (current US$)",NY.GNP.PCAP.CD,Bolivia,BOL,690,960,2920,3000,3050,3320,3470,3150,3330,3530,3620,3690
"GNI per capita, Atlas method (current US$)",NY.GNP.PCAP.CD,Bosnia and Herzegovina,BIH,..,1330,5140,5070,5070,5720,6180,6160,6970,7710,8270,8630
"GNI per capita, Atlas method (current US$)",NY.GNP.PCAP.CD,Botswana,BWA,2680,3110,6140,6060,6210,6680,7520,6600,7530,8250,8360,7750
"GNI per capita, Atlas method (current US$)",NY.GNP.PCAP.CD,Brazil,BRA,2470,3950,10330,9050,8830,9320,9410,8080,8060,8440,9310,9950
"GNI per capita, Atlas method (current US$)",NY.GNP.PCAP.CD,British Virgin Islands,VGB,..,..,..,..,..,..,..,..,..,..,..,..
"GNI per capita, Atlas method (current US$)",NY.GNP.PCAP.CD,Brunei Darussalam,BRN,21430,19390,38180,32570,29230,28790,31550,30810,29890,30970,34390,36150
"GNI per capita, Atlas method (current US$)",NY.GNP.PCAP.CD,Bulgaria,BGR,2250,1660,7620,7630,7900,8870,9940,10100,11720,13100,14270,15320
"GNI per capita, Atlas method (current US$)",NY.GNP.PCAP.CD,Burkina Faso,BFA,320,260,680,650,650,730,750,780,830,860,860,880
"GNI per capita, Atlas method (current US$)",NY.GNP.PCAP.CD,Burundi,BDI,210,130,240,240,240,230,220,210,220,230,220,190
"GNI per capita, Atlas method (current US$)",NY.GNP.PCAP.CD,Cabo Verde,CPV,810,1330,3620,3580,3620,4040,4420,3510,3870,4550,4780,5000
"GNI per capita, Atlas method (current US$)",NY.GNP.PCAP.CD,Cambodia,KHM,170,290,1430,1550,1690,1920,2100,2050,2120,2270,2390,2520
"GNI per capita, Atlas method (current US$)",NY.GNP.PCAP.CD,Cameroon,CMR,1000,730,1530,1470,1410,1520,1560,1540,1610,1660,1690,1680
"GNI per capita, Atlas method (current US$)",NY.GNP.PCAP.CD,Canada,CAN,20650,22740,47580,43900,42900,45060,46580,43900,49080,53850,54660,53340
"GNI per capita, Atlas method (current US$)",NY.GNP.PCAP.CD,Cayman Islands,CYM,..,..,44430,47830,51890,57880,64520,56260,67650,61780,..,..
"GNI per capita, Atlas method (current US$)",NY.GNP.PCAP.CD,Central African Republic,CAF,470,240,390,400,420,470,500,490,510,520,530,520
"GNI per capita, Atlas method (current US$)",NY.GNP.PCAP.CD,Chad,TCD,270,180,1130,940,830,890,920,890,890,1000,1000,970
"GNI per capita, Atlas method (current US$)",NY.GNP.PCAP.CD,Channel Islands,CHI,..,..,..,..,..,..,..,..,..,..,..,..
"GNI per capita, Atlas method (current US$)",NY.GNP.PCAP.CD,Chile,CHL,2340,5030,14080,13310,13200,14460,14690,12960,14790,15440,15950,15750
"GNI per capita, Atlas method (current US$)",NY.GNP.PCAP.CD,China,CHN,330,950,8040,8360,8830,9720,10510,10740,12220,13170,13730,13660
"GNI per capita, Atlas method (current US$)",NY.GNP.PCAP.CD,Colombia,COL,1350,2370,7420,6560,6030,6350,6630,5850,6310,6560,6720,7040
"GNI per capita, Atlas method (current US$)",NY.GNP.PCAP.CD,Comoros,COM,910,730,1500,1410,1390,1500,1550,1580,1620,1640,1660,1690
"GNI per capita, Atlas method (current US$)",NY.GNP.PCAP.CD,"Congo, Dem. Rep.",COD,230,130,430,440,430,460,490,520,540,590,640,640
"GNI per capita, Atlas method (current US$)",NY.GNP.PCAP.CD,"Congo, Rep.",COG,920,560,3080,2260,1740,2070,2180,2230,2040,2170,2450,2410
"GNI per capita, Atlas method (current US$)",NY.GNP.PCAP.CD,Costa Rica,CRI,1740,3590,10770,11170,11580,12070,12240,11700,12630,13210,14260,15620
"GNI per capita, Atlas method (current US$)",NY.GNP.PCAP.CD,Cote d'Ivoire,CIV,760,610,1880,1880,1870,2010,2120,2120,2300,2440,2500,2510
"GNI per capita, Atlas method (current US$)",NY.GNP.PCAP.CD,Croatia,HRV,..,5310,13580,13090,13350,14670,15800,15120,17420,19370,20590,22080
"GNI per capita, Atlas method (current US$)",NY.GNP.PCAP.CD,Cuba,CUB,2640,2620,7270,7530,8010,8710,9010,..,..,..,..,..
"GNI per capita, Atlas method (current US$)",NY.GNP.PCAP.CD,Curacao,CUW,..,..,18780,18260,18230,18820,19140,16250,18130,21070,20990,..
"GNI per capita, Atlas method (current US$)",NY.GNP.PCAP.CD,Cyprus,CYP,9300,14180,26090,24840,25020,27570,28840,27280,30270,33020,32960,32980
"GNI per capita, Atlas method (current US$)",NY.GNP.PCAP.CD,Czechia,CZE,..,6380,18340,17660,18350,20700,22440,22190,25500,27210,29130,29140
"GNI per capita, Atlas method (current US$)",NY.GNP.PCAP.CD,Denmark,DNK,24380,32560,60350,57830,56600,61090,63020,62710,70310,73320,73340,73790
"GNI per capita, Atlas method (current US$)",NY.GNP.PCAP.CD,Djibouti,DJI,..,..,2280,2370,2450,2600,2780,2780,2990,3310,3510,3540
"GNI per capita, Atlas method (current US$)",NY.GNP.PCAP.CD,Dominica,DMA,2840,4290,7510,8000,8070,8880,9350,8230,8660,9740,9990,10220
"GNI per capita, Atlas method (current US$)",NY.GNP.PCAP.CD,Dominican Republic,DOM,870,2650,6470,6750,6920,7600,7940,7080,8160,9150,9700,10280
"GNI per capita, Atlas method (current US$)",NY.GNP.PCAP.CD,Ecuador,ECU,1340,1500,5970,5750,5930,6120,6100,5410,6100,6550,6590,6430
"GNI per capita, Atlas method (current US$)",NY.GNP.PCAP.CD,"Egypt, Arab Rep.",EGY,730,1330,3100,3200,2880,2710,2640,2960,3470,4040,3840,3510
"GNI per capita, Atlas method (current US$)",NY.GNP.PCAP.CD,El Salvador,SLV,880,1890,3520,3600,3700,3940,4130,3800,4380,4710,4950,5120
"GNI per capita, Atlas method (current US$)",NY.GNP.PCAP.CD,Equatorial Guinea,GNQ,230,660,8720,6660,5260,5450,5130,4790,4820,4570,4840,4740
"GNI per capita, Atlas method (current US$)",NY.GNP.PCAP.CD,Eritrea,ERI,..,310,..,..,..,..,..,..,..,..,..,..
"GNI per capita, Atlas method (current US$)",NY.GNP.PCAP.CD,Estonia,EST,..,4170,18900,18640,19140,21600,23490,23580,26340,27650,27580,28700
"GNI per capita, Atlas method (current US$)",NY.GNP.PCAP.CD,Eswatini,SWZ,1220,1610,3540,3310,3260,3440,3680,3420,3590,3650,3750,3580
"GNI per capita, Atlas method (current US$)",NY.GNP.PCAP.CD,Ethiopia,ETH,260,120,580,650,710,770,820,860,930,1010,..,..
"GNI per capita, Atlas method (current US$)",NY.GNP.PCAP.CD,Faroe Islands,FRO,..,..,57670,57410,57920,62910,66010,64200,70030,72360,72200,..
"GNI per capita, Atlas method (current US$)",NY.GNP.PCAP.CD,Fiji,FJI,1690,2150,4820,5010,5120,5690,5620,4680,4520,5440,5680,5680
"GNI per capita, Atlas method (current US$)",NY.GNP.PCAP.CD,Finland,FIN,25980,26470,46860,45160,44520,47900,49590,49630,52810,54120,53120,51710
"GNI per capita, Atlas method (current US$)",NY.GNP.PCAP.CD,France,FRA,20470,24950,41130,39020,38120,40960,42720,39690,44300,45910,45440,45180
"GNI per capita, Atlas method (current US$)",NY.GNP.PCAP.CD,French Polynesia,PYF,15190,19380,23060,22170,22220,23710,24530,22740,23710,24700,25270,..
"GNI per capita, Atlas method (current US$)",NY.GNP.PCAP.CD,Gabon,GAB,4650,2980,7610,6770,6230,6540,6870,6730,6520,7480,7750,7550
"GNI per capita, Atlas method (current US$)",NY.GNP.PCAP.CD,"Gambia, The",GMB,280,560,590,590,620,680,720,720,760,830,870,890
"GNI per capita, Atlas method (current US$)",NY.GNP.PCAP.CD,Georgia,GEO,1640,790,4500,4180,4130,4580,4780,4330,4760,5690,6710,8200
"GNI per capita, Atlas method (current US$)",NY.GNP.PCAP.CD,Germany,DEU,21360,26380,46590,45360,44700,48730,50310,48510,52750,54730,54960,54960
"GNI per capita, Atlas method (current US$)",NY.GNP.PCAP.CD,Ghana,GHA,380,330,1880,1760,1830,2060,2170,2250,2300,2400,2280,2320
"GNI per capita, Atlas method (current US$)",NY.GNP.PCAP.CD,Gibraltar,GIB,..,..,..,..,..,..,..,..,..,..,..,..
"GNI per capita, Atlas method (current US$)",NY.GNP.PCAP.CD,Greece,GRC,8970,13350,19920,18500,17890,19060,19770,18030,20350,22040,22320,23030
"GNI per capita, Atlas method (current US$)",NY.GNP.PCAP.CD,Greenland,GRL,15690,20290,..,..,..,..,..,..,..,..,..,..
"GNI per capita, Atlas method (current US$)",NY.GNP.PCAP.CD,Grenada,GRD,2730,4410,7410,8000,8400,9220,9400,8390,8890,10010,10110,10550
"GNI per capita, Atlas method (current US$)",NY.GNP.PCAP.CD,Guam,GUM,..,..,..,..,..,..,..,..,..,..,..,..
"GNI per capita, Atlas method (current US$)",NY.GNP.PCAP.CD,Guatemala,GTM,930,1660,3610,3760,3980,4270,4490,4360,4800,5220,5470,5780
"GNI per capita, Atlas method (current US$)",NY.GNP.PCAP.CD,Guinea,GIN,600,580,740,760,800,860,970,1030,1120,1280,1340,1470
"GNI per capita, Atlas method (current US$)",NY.GNP.PCAP.CD,Guinea-Bissau,GNB,590,410,670,670,710,750,850,850,900,950,970,960
"GNI per capita, Atlas method (current US$)",NY.GNP.PCAP.CD,Guyana,GUY,390,870,5530,5610,5870,6100,6380,8090,7810,9780,17770,20220
"GNI per capita, Atlas method (current US$)",NY.GNP.PCAP.CD,Haiti,HTI,430,560,1430,1380,1370,1430,1410,1340,1450,1620,1760,1760
"GNI per capita, Atlas method (current US$)",NY.GNP.PCAP.CD,Honduras,HND,1100,1020,2030,2090,2210,2280,2330,2120,2440,2700,2880,3020
"GNI per capita, Atlas method (current US$)",NY.GNP.PCAP.CD,"Hong Kong SAR, China",HKG,12660,26930,41180,42970,46380,50050,50480,48550,54380,54000,54910,57100
"GNI per capita, Atlas method (current US$)",NY.GNP.PCAP.CD,Hungary,HUN,3010,4630,13310,13230,13310,15180,16840,16330,18070,19240,19860,20690
"GNI per capita, Atlas method (current US$)",NY.GNP.PCAP.CD,Iceland,ISL,24410,31730,52790,58720,62450,72600,75160,65870,66940,73620,80760,78480
"GNI per capita, Atlas method (current US$)",NY.GNP.PCAP.CD,India,IND,390,440,1580,1670,1790,1970,2070,1900,2170,2390,2580,2650
"GNI per capita, Atlas method (current US$)",NY.GNP.PCAP.CD,Indonesia,IDN,560,570,3390,3370,3490,3810,4020,3850,4130,4520,4810,4910
"GNI per capita, Atlas method (current US$)",NY.GNP.PCAP.CD,"Iran, Islamic Rep.",IRN,2450,1750,5460,5460,5470,5250,4530,3740,3880,4110,4640,4660
"GNI per capita, Atlas method (current US$)",NY.GNP.PCAP.CD,Iraq,IRQ,7000,1530,5460,5060,4430,4820,5520,4720,4740,5510,5920,6030
"GNI per capita, Atlas method (current US$)",NY.GNP.PCAP.CD,Ireland,IRL,12560,24130,52400,52940,54450,59120,62520,64550,74270,76660,78980,77920
"GNI per capita, Atlas method (current US$)",NY.GNP.PCAP.CD,Isle of Man,IMN,12410,22470,83630,78690,77890,83430,84470,79280,76440,78440,..,..
"GNI per capita, Atlas method (current US$)",NY.GNP.PCAP.CD,Israel,ISR,12880,20380,36980,37310,38700,42060,44280,43370,49680,55450,54280,52940
"GNI per capita, Atlas method (current US$)",NY.GNP.PCAP.CD,Italy,ITA,18710,21980,33460,32400,31790,34120,35030,32600,36760,39060,38610,38290
"GNI per capita, Atlas method (current US$)",NY.GNP.PCAP.CD,Jamaica,JAM,1800,3300,4850,4750,4930,5210,5480,4880,5180,5730,6220,6490
"GNI per capita, Atlas method (current US$)",NY.GNP.PCAP.CD,Japan,JPN,28390,36810,39380,38460,38930,41800,41970,40930,43710,42640,39360,36030
"GNI per capita, Atlas method (current US$)",NY.GNP.PCAP.CD,Jordan,JOR,1260,1590,3840,3810,3920,4090,4190,4070,4240,4370,4450,4430
"GNI per capita, Atlas method (current US$)",NY.GNP.PCAP.CD,Kazakhstan,KAZ,..,1220,11040,8500,7780,7790,8500,8380,8540,9420,10690,12150
"GNI per capita, Atlas method (current US$)",NY.GNP.PCAP.CD,Kenya,KEN,390,430,1320,1490,1540,1720,1880,1910,2070,2170,2110,2110
"GNI per capita, Atlas method (current US$)",NY.GNP.PCAP.CD,Kiribati,KIR,610,1370,3490,2990,3130,3280,3610,3070,3150,3320,3690,3620
"GNI per capita, Atlas method (current US$)",NY.GNP.PCAP.CD,"Korea, Dem. People's Rep.",PRK,..,..,..,..,..,..,..,..,..,..,..,..
"GNI per capita, Atlas method (current US$)",NY.GNP.PCAP.CD,"Korea, Rep.",KOR,6450,11030,28720,29330,30290,32740,33830,33040,35180,36160,35490,..
"GNI per capita, Atlas method (current US$)",NY.GNP.PCAP.CD,Kosovo,XKX,..,..,3930,3930,3950,4300,4640,4440,5130,5600,6290,7180
"GNI per capita, Atlas method (current US$)",NY.GNP.PCAP.CD,Kuwait,KWT,16460,18810,41830,34920,30650,32340,35680,33150,35990,39120,42030,40250
"GNI per capita, Atlas method (current US$)",NY.GNP.PCAP.CD,Kyrgyz Republic,KGZ,..,280,1160,1090,1090,1200,1240,1210,1270,1540,1840,2150
"GNI per capita, Atlas method (current US$)",NY.GNP.PCAP.CD,Lao PDR,LAO,190,280,1960,2110,2240,2460,2520,2470,2500,2300,2110,2000
"GNI per capita, Atlas method (current US$)",NY.GNP.PCAP.CD,Latvia,LVA,..,3240,14580,14300,14360,16010,17010,17350,19310,20620,21400,21930
"GNI per capita, Atlas method (current US$)",NY.GNP.PCAP.CD,Lebanon,LBN,1020,4090,7360,7670,8260,8700,8630,6350,4770,4170,3730,..
"GNI per capita, Atlas method (current US$)",NY.GNP.PCAP.CD,Lesotho,LSO,510,590,1280,1240,1160,1250,1310,1170,1190,1270,1250,1170
"GNI per capita, Atlas method (current US$)",NY.GNP.PCAP.CD,Liberia,LBR,250,190,620,610,620,620,600,570,630,680,720,760
"GNI per capita, Atlas method (current US$)",NY.GNP.PCAP.CD,Libya,LBY,6460,5930,8370,7670,9760,11000,10100,7010,6930,5960,5940,6310
"GNI per capita, Atlas method (current US$)",NY.GNP.PCAP.CD,Liechtenstein,LIE,45550,80170,..,..,..,..,..,..,..,..,..,..
"GNI per capita, Atlas method (current US$)",NY.GNP.PCAP.CD,Lithuania,LTU,..,3220,15220,14890,15260,17550,19200,19800,22040,23900,25280,26950
"GNI per capita, Atlas method (current US$)",NY.GNP.PCAP.CD,Luxembourg,LUX,31330,45690,73530,73730,75800,80120,79280,80090,86850,84200,89650,91470
"GNI per capita, Atlas method (current US$)",NY.GNP.PCAP.CD,"Macao SAR, China",MAC,9210,14620,58150,59840,67080,73020,71780,44000,46850,45510,65190,..
"GNI per capita, Atlas method (current US$)",NY.GNP.PCAP.CD,Madagascar,MDG,300,280,470,450,450,480,500,450,470,500,510,510
"GNI per capita, Atlas method (current US$)",NY.GNP.PCAP.CD,Malawi,MWI,270,230,510,490,480,490,540,560,600,610,600,540
"GNI per capita, Atlas method (current US$)",NY.GNP.PCAP.CD,Malaysia,MYS,2420,3490,10350,9800,9560,10200,10750,10110,10520,11610,11710,11670
"GNI per capita, Atlas method (current US$)",NY.GNP.PCAP.CD,Maldives,MDV,920,2050,8210,8720,9400,10220,10730,7050,9350,10570,11090,11650
"GNI per capita, Atlas method (current US$)",NY.GNP.PCAP.CD,Mali,MLI,270,270,890,870,860,930,960,930,960,990,1010,1020
"GNI per capita, Atlas method (current US$)",NY.GNP.PCAP.CD,Malta,MLT,7600,11480,25470,23820,26690,29030,29830,28050,32540,33300,34500,34660
"GNI per capita, Atlas method (current US$)",NY.GNP.PCAP.CD,Marshall Islands,MHL,2210,2940,4980,5060,5310,6040,6770,6610,6660,7500,7860,8380
"GNI per capita, Atlas method (current US$)",NY.GNP.PCAP.CD,Mauritania,MRT,760,730,1680,1540,1550,1680,1720,1720,1810,2010,2130,2090
"GNI per capita, Atlas method (current US$)",NY.GNP.PCAP.CD,Mauritius,MUS,2460,3960,10410,10410,10720,12070,12520,10470,10840,11620,12070,12850
"GNI per capita, Atlas method (current US$)",NY.GNP.PCAP.CD,Mexico,MEX,2820,6570,10580,9740,9270,9560,9860,8920,9880,10730,12000,12800
"GNI per capita, Atlas method (current US$)",NY.GNP.PCAP.CD,"Micronesia, Fed. Sts.",FSM,1700,2120,3500,3420,3430,3380,4050,3990,4040,4050,4130,4250
"GNI per capita, Atlas method (current US$)",NY.GNP.PCAP.CD,Moldova,MDA,..,490,3290,3170,3300,3850,4490,4360,5270,5540,6250,6940
"GNI per capita, Atlas method (current US$)",NY.GNP.PCAP.CD,Monaco,MCO,..,..,..,..,..,..,..,..,..,..,..,..
"GNI per capita, Atlas method (current US$)",NY.GNP.PCAP.CD,Mongolia,MNG,1490,470,3770,3460,3200,3650,3800,3690,3690,4340,4870,5350
"GNI per capita, Atlas method (current US$)",NY.GNP.PCAP.CD,Montenegro,MNE,..,1510,7230,7060,7370,8390,9070,7830,9280,10370,11450,12020
"GNI per capita, Atlas method (current US$)",NY.GNP.PCAP.CD,Morocco,MAR,1180,1580,3300,3150,3160,3380,3510,3260,3630,3690,3760,3760
"GNI per capita, Atlas method (current US$)",NY.GNP.PCAP.CD,Mozambique,MOZ,..,330,670,550,480,470,500,480,490,500,540,550
"GNI per capita, Atlas method (current US$)",NY.GNP.PCAP.CD,Myanmar,MMR,50,190,1230,1230,1230,1310,1380,1320,1240,1290,1230,1220
"GNI per capita, Atlas method (current US$)",NY.GNP.PCAP.CD,Namibia,NAM,2090,2210,5180,4580,4430,4670,4870,4240,4140,4280,4290,4240
"GNI per capita, Atlas method (current US$)",NY.GNP.PCAP.CD,Nauru,NRU,6570,3050,12160,11640,11310,12690,15790,17210,19400,22540,23750,21260
"GNI per capita, Atlas method (current US$)",NY.GNP.PCAP.CD,Nepal,NPL,200,220,870,860,970,1120,1240,1190,1250,1380,1430,1470
"GNI per capita, Atlas method (current US$)",NY.GNP.PCAP.CD,Netherlands,NLD,19910,28140,49650,46950,46670,51220,52910,51360,59330,61900,62540,62840
"GNI per capita, Atlas method (current US$)",NY.GNP.PCAP.CD,New Caledonia,NCL,14290,12630,..,..,..,..,35550,34890,35420,36980,..,..
"GNI per capita, Atlas method (current US$)",NY.GNP.PCAP.CD,New Zealand,NZL,13640,14070,40670,39460,38840,41660,43050,41710,45560,48820,48600,46280
"GNI per capita, Atlas method (current US$)",NY.GNP.PCAP.CD,Nicaragua,NIC,310,970,1910,1980,2050,1990,1930,1810,2060,2150,2360,2510
"GNI per capita, Atlas method (current US$)",NY.GNP.PCAP.CD,Niger,NER,330,220,560,530,520,580,610,560,600,600,640,660
"GNI per capita, Atlas method (current US$)",NY.GNP.PCAP.CD,Nigeria,NGA,..,..,2760,2370,2020,1950,2050,2060,2110,2120,1880,1250
"GNI per capita, Atlas method (current US$)",NY.GNP.PCAP.CD,North Macedonia,MKD,..,1920,5550,5440,5390,6050,6520,6460,7050,7570,7900,8360
"GNI per capita, Atlas method (current US$)",NY.GNP.PCAP.CD,Northern Mariana Islands,MNP,..,..,..,..,..,..,..,..,..,..,..,..
"GNI per capita, Atlas method (current US$)",NY.GNP.PCAP.CD,Norway,NOR,26500,36600,93440,81870,76230,80970,82430,78610,81770,94290,103170,98280
"GNI per capita, Atlas method (current US$)",NY.GNP.PCAP.CD,Oman,OMN,6110,8070,20550,18550,16640,17260,17810,17100,17900,19270,20020,19280
"GNI per capita, Atlas method (current US$)",NY.GNP.PCAP.CD,Pakistan,PAK,370,470,1280,1360,1450,1560,1520,1370,1420,1510,1460,1430
"GNI per capita, Atlas method (current US$)",NY.GNP.PCAP.CD,Palau,PLW,7020,6860,14030,14520,15180,15940,16220,15440,13830,14050,14070,..
"GNI per capita, Atlas method (current US$)",NY.GNP.PCAP.CD,Panama,PAN,2660,3810,12570,13180,14230,14910,15640,13070,14920,16970,17870,17960
"GNI per capita, Atlas method (current US$)",NY.GNP.PCAP.CD,Papua New Guinea,PNG,880,600,2520,2410,2310,2310,2420,2410,2370,2690,2800,2940
"GNI per capita, Atlas method (current US$)",NY.GNP.PCAP.CD,Paraguay,PRY,1240,1500,6100,5880,5810,6060,5950,5550,5730,5920,6200,6290
"GNI per capita, Atlas method (current US$)",NY.GNP.PCAP.CD,Peru,PER,840,1960,6340,6130,6090,6500,6850,6080,6550,6920,7080,7490
"GNI per capita, Atlas method (current US$)",NY.GNP.PCAP.CD,Philippines,PHL,820,1150,3280,3350,3440,3610,3760,3350,3570,4010,4320,4470
"GNI per capita, Atlas method (current US$)",NY.GNP.PCAP.CD,Poland,POL,..,4690,13320,12740,12780,14310,15510,15640,17470,19110,19940,21560
"GNI per capita, Atlas method (current US$)",NY.GNP.PCAP.CD,Portugal,PRT,7130,12180,20450,19950,20030,22040,23250,21910,23980,25880,26160,26620
"GNI per capita, Atlas method (current US$)",NY.GNP.PCAP.CD,Puerto Rico (US),PRI,5950,10550,19080,19290,19500,20380,21310,21200,22580,24670,25270,25930
"GNI per capita, Atlas method (current US$)",NY.GNP.PCAP.CD,Qatar,QAT,17040,19620,80370,69170,60920,63410,65700,57730,66970,71070,79430,76720
"GNI per capita, Atlas method (current US$)",NY.GNP.PCAP.CD,Romania,ROU,..,1710,9610,9460,10030,11570,12750,12790,14250,15450,16690,17600
"GNI per capita, Atlas method (current US$)",NY.GNP.PCAP.CD,Russian Federation,RUS,..,1710,11740,9680,9160,10180,11190,10660,11710,12890,14460,15320
"GNI per capita, Atlas method (current US$)",NY.GNP.PCAP.CD,Rwanda,RWA,340,270,740,730,720,770,820,770,840,940,1000,1040
"GNI per capita, Atlas method (current US$)",NY.GNP.PCAP.CD,Samoa,WSM,1050,1410,3970,4120,4100,4100,4270,4060,3910,3780,4220,4650
"GNI per capita, Atlas method (current US$)",NY.GNP.PCAP.CD,San Marino,SMR,..,..,..,..,40010,41800,43770,40570,48190,53930,..,..
"GNI per capita, Atlas method (current US$)",NY.GNP.PCAP.CD,Sao Tome and Principe,STP,820,480,1400,1420,1440,1660,1810,2030,2220,2430,2580,2770
"GNI per capita, Atlas method (current US$)",NY.GNP.PCAP.CD,Saudi Arabia,SAU,11230,10450,26580,23940,23130,26570,29140,26940,30480,35110,36330,35570
"GNI per capita, Atlas method (current US$)",NY.GNP.PCAP.CD,Senegal,SEN,900,650,1310,1270,1270,1390,1430,1440,1530,1600,1630,1680
"GNI per capita, Atlas method (current US$)",NY.GNP.PCAP.CD,Serbia,SRB,..,1720,6210,5920,5810,6700,7380,7790,8890,9790,10760,11570
"GNI per capita, Atlas method (current US$)",NY.GNP.PCAP.CD,Seychelles,SYC,5370,7920,14750,15630,16180,17620,18700,15400,14950,14700,16400,17460
"GNI per capita, Atlas method (current US$)",NY.GNP.PCAP.CD,Sierra Leone,SLE,190,150,950,930,840,830,850,840,890,920,870,840
"GNI per capita, Atlas method (current US$)",NY.GNP.PCAP.CD,Singapore,SGP,11450,23680,53160,53470,55230,56360,58430,55780,65010,66910,69850,74750
"GNI per capita, Atlas method (current US$)",NY.GNP.PCAP.CD,Sint Maarten (Dutch part),SXM,..,..,31890,35260,32950,31140,34060,29440,31430,35620,36890,..
"GNI per capita, Atlas method (current US$)",NY.GNP.PCAP.CD,Slovak Republic,SVK,..,5520,17800,16900,16710,18460,19230,19420,21010,21840,23100,23900
"GNI per capita, Atlas method (current US$)",NY.GNP.PCAP.CD,Slovenia,SVN,..,11200,22080,21610,22040,24510,25900,25380,28310,29630,30990,31640
"GNI per capita, Atlas method (current US$)",NY.GNP.PCAP.CD,Solomon Islands,SLB,600,920,2010,2000,2020,2150,2210,2170,2140,2120,2110,2080
"GNI per capita, Atlas method (current US$)",NY.GNP.PCAP.CD,Somalia,SOM,160,370,440,450,500,510,520,500,540,570,590,600
"GNI per capita, Atlas method (current US$)",NY.GNP.PCAP.CD,South Africa,ZAF,2830,3260,6450,5880,5850,6250,6570,5930,6330,6530,6480,6100
"GNI per capita, Atlas method (current US$)",NY.GNP.PCAP.CD,South Sudan,SSD,..,..,1050,..,..,..,..,..,..,..,..,..
"GNI per capita, Atlas method (current US$)",NY.GNP.PCAP.CD,Spain,ESP,12190,15770,28700,27760,27290,29530,30560,27410,30380,32610,32940,33410
"GNI per capita, Atlas method (current US$)",NY.GNP.PCAP.CD,Sri Lanka,LKA,490,850,3920,4020,4220,4350,4220,3880,4010,3620,3530,3860
"GNI per capita, Atlas method (current US$)",NY.GNP.PCAP.CD,St. Kitts and Nevis,KNA,5200,8890,18670,19640,20420,21930,23670,19340,19070,21010,22020,22310
"GNI per capita, Atlas method (current US$)",NY.GNP.PCAP.CD,St. Lucia,LCA,3740,5500,9020,9710,10260,11060,11100,8560,9860,11740,12440,12800
"GNI per capita, Atlas method (current US$)",NY.GNP.PCAP.CD,St. Martin (French part),MAF,..,..,..,..,..,..,..,..,..,..,..,..
"GNI per capita, Atlas method (current US$)",NY.GNP.PCAP.CD,St. Vincent and the Grenadines,VCT,2030,3390,7110,7480,7720,8370,8700,8360,8720,9510,10380,11020
"GNI per capita, Atlas method (current US$)",NY.GNP.PCAP.CD,Sudan,SDN,750,330,1180,1140,1010,810,720,600,620,720,640,720
"GNI per capita, Atlas method (current US$)",NY.GNP.PCAP.CD,Suriname,SUR,1400,1950,8550,6670,5710,5730,5960,4460,4470,5040,5200,5870
"GNI per capita, Atlas method (current US$)",NY.GNP.PCAP.CD,Sweden,SWE,27760,31600,57910,53980,52330,55090,56230,54680,60330,62480,60910,58820
"GNI per capita, Atlas method (current US$)",NY.GNP.PCAP.CD,Switzerland,CHE,37950,44580,86810,83360,80770,82470,83160,81740,89120,95600,95750,95900
"GNI per capita, Atlas method (current US$)",NY.GNP.PCAP.CD,Syrian Arab Republic,SYR,810,890,900,750,720,810,970,790,700,710,770,..
"GNI per capita, Atlas method (current US$)",NY.GNP.PCAP.CD,Tajikistan,TJK,..,170,1230,1090,1000,1000,1050,1030,1130,1360,1400,1650
"GNI per capita, Atlas method (current US$)",NY.GNP.PCAP.CD,Tanzania,TZA,280,400,970,960,960,1010,1050,1060,1130,1210,1220,1200
"GNI per capita, Atlas method (current US$)",NY.GNP.PCAP.CD,Thailand,THA,1540,1980,5560,5550,5800,6430,7060,6900,7090,7210,7190,7120
"GNI per capita, Atlas method (current US$)",NY.GNP.PCAP.CD,Timor-Leste,TLS,..,660,2180,1730,1780,1800,2170,2040,2050,1820,2020,1560
"GNI per capita, Atlas method (current US$)",NY.GNP.PCAP.CD,Togo,TGO,540,420,840,800,770,830,860,860,920,970,1000,1010
"GNI per capita, Atlas method (current US$)",NY.GNP.PCAP.CD,Tonga,TON,1170,2010,4220,4280,4450,4650,4940,5130,5240,5260,5520,..
"GNI per capita, Atlas method (current US$)",NY.GNP.PCAP.CD,Trinidad and Tobago,TTO,3610,5180,20630,17880,16940,16800,17270,15090,16330,17540,20070,20000
"GNI per capita, Atlas method (current US$)",NY.GNP.PCAP.CD,Tunisia,TUN,1400,2260,4130,3930,3700,3700,3590,3270,3640,3900,3850,3900
"GNI per capita, Atlas method (current US$)",NY.GNP.PCAP.CD,Turkiye,TUR,2220,4170,12080,11340,11090,10650,9800,9160,10010,10640,11730,13150
"GNI per capita, Atlas method (current US$)",NY.GNP.PCAP.CD,Turkmenistan,TKM,1040,590,6300,6080,5650,5930,6450,6740,7200,7780,8250,8390
"GNI per capita, Atlas method (current US$)",NY.GNP.PCAP.CD,Turks and Caicos Islands,TCA,..,..,23380,24950,24810,40630,35590,20840,27480,31880,34690,..
"GNI per capita, Atlas method (current US$)",NY.GNP.PCAP.CD,Tuvalu,TUV,2130,2330,5650,5450,5330,6230,6880,6880,7510,8100,8770,..
"GNI per capita, Atlas method (current US$)",NY.GNP.PCAP.CD,Uganda,UGA,320,270,850,810,760,770,810,820,860,930,970,1020
"GNI per capita, Atlas method (current US$)",NY.GNP.PCAP.CD,Ukraine,UKR,1600,680,2760,2330,2330,2720,3270,3530,4060,3930,4980,5220
"GNI per capita, Atlas method (current US$)",NY.GNP.PCAP.CD,United Arab Emirates,ARE,29240,28170,48510,44750,41390,43370,45070,41100,42640,46070,49020,49500
"GNI per capita, Atlas method (current US$)",NY.GNP.PCAP.CD,United Kingdom,GBR,18590,29420,44400,42960,41720,42130,43370,38950,45580,49080,48560,48610
"GNI per capita, Atlas method (current US$)",NY.GNP.PCAP.CD,United States,USA,24450,35630,56040,56990,59060,63230,66010,64940,71490,77060,80710,83660
"GNI per capita, Atlas method (current US$)",NY.GNP.PCAP.CD,Uruguay,URY,2850,7180,17070,16490,16720,17700,18390,16130,16220,17910,19850,21580
"GNI per capita, Atlas method (current US$)",NY.GNP.PCAP.CD,Uzbekistan,UZB,630,620,2790,2840,2630,2340,2150,2000,2250,2500,2750,3020
"GNI per capita, Atlas method (current US$)",NY.GNP.PCAP.CD,Vanuatu,VUT,1220,1420,2980,2970,3000,3270,3740,3390,3520,3850,3830,3940
"GNI per capita, Atlas method (current US$)",NY.GNP.PCAP.CD,"Venezuela, RB",VEN,2640,4070,..,..,..,..,..,..,..,..,..,..
"GNI per capita, Atlas method (current US$)",NY.GNP.PCAP.CD,Viet Nam,VNM,130,390,2460,2560,2680,3020,3290,3400,3540,3980,4150,4490
"GNI per capita, Atlas method (current US$)",NY.GNP.PCAP.CD,Virgin Islands (U.S.),VIR,..,..,..,..,..,..,..,..,..,..,..,..
"GNI per capita, Atlas method (current US$)",NY.GNP.PCAP.CD,West Bank and Gaza,PSE,..,1550,3670,3900,3930,4190,4200,3700,4270,4720,4310,3080
"GNI per capita, Atlas method (current US$)",NY.GNP.PCAP.CD,"Yemen, Rep.",YEM,..,380,1030,970,880,740,..,..,..,..,..,..
"GNI per capita, Atlas method (current US$)",NY.GNP.PCAP.CD,Zambia,ZMB,450,350,1530,1320,1260,1390,1380,1120,1040,1160,1290,1260
"GNI per capita, Atlas method (current US$)",NY.GNP.PCAP.CD,Zimbabwe,ZWE,730,350,1330,1240,1680,2140,2170,1690,1740,1960,2060,2260
"GNI per capita, Atlas method (current US$)",NY.GNP.PCAP.CD,Africa Eastern and Southern,AFE,726.934349915823,656.665103998041,1523.36878860817,1389.99392599892,1361.3505808165,1427.54020722852,1489.93837613584,1381.68607944239,1452.45682585473,1535.0488865124,1565.55289949765,1575.40833760602
"GNI per capita, Atlas method (current US$)",NY.GNP.PCAP.CD,Africa Western and Central,AFW,..,..,1989.45111435718,1765.8007908374,1584.33901691847,1614.09781615627,1687.60035253913,1690.499514942,1746.69710724196,1792.83149021441,1697.19070871757,1421.56896473145
"GNI per capita, Atlas method (current US$)",NY.GNP.PCAP.CD,Arab World,ARB,2627.48985838349,2432.12440573654,6905.99981142504,6448.76804879985,6030.37659365462,6303.38879804251,6555.71305362794,6057.37557824269,6459.95866939723,7259.29736123744,7591.1925401276,7568.39336892324
"GNI per capita, Atlas method (current US$)",NY.GNP.PCAP.CD,Caribbean small states,CSS,3516.03841228698,5923.86474655922,14054.7808782613,13032.2757122581,12857.2361174828,13089.2976078262,13489.6918049268,11901.075111681,12859.9100196737,14492.3838041782,17014.8415176528,17870.0296771229
"GNI per capita, Atlas method (current US$)",NY.GNP.PCAP.CD,Central Europe and the Baltics,CEB,..,4099.0412274735,13304.661500465,12899.0357966858,13154.4948209496,14837.7908645438,16132.7975399442,16136.1728940228,18081.5262584789,19558.1107079563,20661.3186053039,21764.7431789265
"GNI per capita, Atlas method (current US$)",NY.GNP.PCAP.CD,Early-demographic dividend,EAR,897.986040018968,1254.73107429699,3313.82305891074,3276.16355404318,3336.35166589102,3518.25561269765,3589.10528609773,3315.11093170974,3648.23733464573,4012.912644513,4259.1703873014,4372.52381292384
"GNI per capita, Atlas method (current US$)",NY.GNP.PCAP.CD,East Asia & Pacific,EAS,2804.81346221381,3874.37344768888,9883.72559267378,9963.81596929596,10304.2955171529,11179.5899216827,11786.6049215553,11754.7683216119,12977.7333306457,13675.4961051004,13919.0477250635,13725.5366986077
"GNI per capita, Atlas method (current US$)",NY.GNP.PCAP.CD,East Asia & Pacific (excluding high income),EAP,423.534654129325,916.521484628238,6528.6712210323,6739.83564740634,7083.01127275682,7773.36444238696,8375.15726342945,8460.51985840368,9496.87999286411,10236.1814719449,10656.8973883815,10629.7023499699
"GNI per capita, Atlas method (current US$)",NY.GNP.PCAP.CD,East Asia & Pacific (IDA & IBRD countries),TEA,428.757819994718,927.512926388556,6602.70292969588,6816.02712062161,7162.81199557023,7860.73707195667,8469.14879157774,8555.38894675315,9603.40391327845,10351.1700461387,10776.8154840505,10749.5079951014
"GNI per capita, Atlas method (current US$)",NY.GNP.PCAP.CD,Euro area,EMU,17347.4837701954,21915.8316929701,37749.8709110383,36421.760355828,35880.3948789249,38899.3240910767,40341.8880187042,38234.4826253576,42427.0649830914,44501.4143474272,44564.6671933946,44549.4293116308
"GNI per capita, Atlas method (current US$)",NY.GNP.PCAP.CD,Europe & Central Asia,ECS,9761.42708451594,12514.3411067668,24760.3326749209,23457.9679366412,22957.5062905712,24538.7318538743,25469.3383727818,24151.8509214838,26898.4808042046,28658.9189497011,29376.0444000929,29795.8339467957
"GNI per capita, Atlas method (current US$)",NY.GNP.PCAP.CD,Europe & Central Asia (excluding high income),ECA,1493.97390900782,1830.45767516172,6947.465552771,6306.71823972877,6100.54304499327,6091.53032357297,6054.49255622598,5856.48888072487,6412.87115070759,6886.37937308996,7754.05028057722,8565.03929748171
"GNI per capita, Atlas method (current US$)",NY.GNP.PCAP.CD,Europe & Central Asia (IDA & IBRD countries),TEC,..,2064.46863432899,9255.77086006053,8183.17835434039,7929.4133172019,8462.84497817964,8927.1255467757,8639.98809727814,9502.74239497389,10353.5402601308,11479.0437923345,12369.286880825
"GNI per capita, Atlas method (current US$)",NY.GNP.PCAP.CD,European Union,EUU,14304.9104955955,18489.4371108043,33662.1619758855,32471.5351314339,32075.3842057311,34871.3469028703,36309.3318877118,34670.8918322075,38563.212689676,40570.0493815296,40801.6527032609,40966.5690134414
"GNI per capita, Atlas method (current US$)",NY.GNP.PCAP.CD,Fragile and conflict affected situations,FCS,..,..,1954.48508024709,1776.18040105681,1661.86675145162,1721.25603846365,1817.04947083814,1713.43995428559,1750.1660352291,1804.96934485999,1810.6902346131,1693.79937493521
"GNI per capita, Atlas method (current US$)",NY.GNP.PCAP.CD,Heavily indebted poor countries (HIPC),HPC,412.948627677061,333.823179250603,934.01212195135,907.154198516232,895.881957598324,941.472236118652,973.22460673548,959.016402506466,1004.01349788468,1070.3291967592,1112.44609856046,1157.84217042672
"GNI per capita, Atlas method (current US$)",NY.GNP.PCAP.CD,High income,HIC,16440.1867391312,22405.1585441991,38362.3461678696,37471.4118081662,37699.3017183734,40444.2594480507,42055.6858060929,40604.7723644937,44820.0417310268,47651.7545949934,48706.1531488396,49300.859436559
"GNI per capita, Atlas method (current US$)",NY.GNP.PCAP.CD,IBRD only,IBD,995.654333298593,1428.81317460009,5770.69928025662,5660.69004145551,5786.58560790976,6233.75569933286,6573.21257400092,6351.25193977588,7039.36417456499,7597.71555953059,8033.92098439678,8165.9879413629
"GNI per capita, Atlas method (current US$)",NY.GNP.PCAP.CD,IDA & IBRD total,IBT,880.966693952648,1211.33542510022,4642.27833046907,4543.25294698733,4623.2450894807,4961.05241019387,5209.12017109549,5020.86197065326,5524.94399672073,5933.39713921149,6225.09794690983,6285.3334043331
"GNI per capita, Atlas method (current US$)",NY.GNP.PCAP.CD,IDA blend,IDB,..,..,1966.45709550641,1869.80438141003,1776.49824394062,1824.14880483412,1855.55663764572,1779.84203720803,1856.67152678714,1938.95110444134,1858.85392661952,1654.00773562928
"GNI per capita, Atlas method (current US$)",NY.GNP.PCAP.CD,IDA only,IDX,358.586649853188,343.648289956284,1016.02620947315,1024.33475794662,1058.28536091775,1147.08972581536,1200.34358394667,1181.1423157324,1246.38881514333,1324.50068207933,1349.19940089437,1381.34265493949
"GNI per capita, Atlas method (current US$)",NY.GNP.PCAP.CD,IDA total,IDA,462.470477085233,456.856731310276,1352.09447121633,1322.80749908898,1311.39321503779,1385.27720587893,1430.3490918867,1390.88125420975,1459.85179010871,1539.10110781716,1526.82659365938,1476.15915172774
"GNI per capita, Atlas method (current US$)",NY.GNP.PCAP.CD,Late-demographic dividend,LTE,1023.99002988345,1643.36432423438,8608.02918902916,8452.28523495522,8659.30970146341,9463.98945955042,10143.5569043587,10031.4034369646,11145.7781126514,11995.9028312868,12640.2275658178,12797.3180896786
"GNI per capita, Atlas method (current US$)",NY.GNP.PCAP.CD,Latin America & Caribbean,LCN,2258.72622360876,4223.30009212085,9266.1853972935,8527.26761894975,8417.64809046279,8759.56804700383,8867.92847100104,7771.48357756257,8282.5578363997,8900.0756728564,9670.28011542921,10194.2109062339
"GNI per capita, Atlas method (current US$)",NY.GNP.PCAP.CD,Latin America & Caribbean (excluding high income),LAC,2181.1208503944,4109.11591568482,8919.66904613733,8155.16248594498,8021.54940611884,8307.41498768574,8377.57655451968,7312.0836147318,7749.43579021425,8328.96710360812,9079.74661468499,9610.24360167472
"GNI per capita, Atlas method (current US$)",NY.GNP.PCAP.CD,Latin America & the Caribbean (IDA & IBRD countries),TLA,2206.06622726808,4185.12683729153,9216.65990908233,8452.16209464891,8329.21554906183,8661.7519987264,8760.99371782536,7666.66339222895,8166.07603489072,8771.98279195069,9540.39916954393,10059.7598072328
"GNI per capita, Atlas method (current US$)",NY.GNP.PCAP.CD,Least developed countries: UN classification,LDC,344.778346510206,302.435969722566,981.963118416141,956.049584136532,973.456546397693,1052.76421338969,1111.08151765626,1090.91762998655,1150.28287526999,1238.02355770612,1267.08432687632,1288.91771212425
"GNI per capita, Atlas method (current US$)",NY.GNP.PCAP.CD,Low & middle income,LMY,759.983891589089,1139.95609209921,4368.17919676641,4325.35736074608,4421.53095533468,4732.19941036221,4955.76609442379,4782.88177246727,5266.25292231555,5650.91342274364,5908.52605541057,5937.9558458217
"GNI per capita, Atlas method (current US$)",NY.GNP.PCAP.CD,Low income,LIC,420.209970993969,286.558865028402,714.256002480214,666.06065629117,627.511056150339,624.116556857594,641.69229169289,610.540495092728,625.171439306332,663.123125010216,673.515604559036,690.636149162125
"GNI per capita, Atlas method (current US$)",NY.GNP.PCAP.CD,Lower middle income,LMC,457.259868664396,573.169047656148,1859.9160075403,1887.84489850839,1937.01410768292,2080.94735864741,2165.77815823111,2049.44919419549,2249.24281662708,2448.14540097341,2532.10823987204,2524.24972128469
"GNI per capita, Atlas method (current US$)",NY.GNP.PCAP.CD,"Middle East, North Africa, Afghanistan & Pakistan",MEA,2120.2688089269,2031.36303092999,5535.41779060452,5307.99726039324,5121.99803625365,5351.48210673266,5441.88104170328,5005.60786635375,5352.67750496012,5961.58813331514,6211.31415806527,6174.09396140257
"GNI per capita, Atlas method (current US$)",NY.GNP.PCAP.CD,"Middle East, North Africa, Afghanistan & Pakistan (excluding high income)",MNA,1466.23034509809,1143.40051091053,2910.40512287187,2875.7584969108,2805.57914532942,2833.32019109072,2751.47990880925,2478.20998470954,2606.85098445774,2818.92888544259,2883.86113314939,2846.64159389444
"GNI per capita, Atlas method (current US$)",NY.GNP.PCAP.CD,"Middle East, North Africa, Afghanistan & Pakistan (IDA & IBRD)",TMN,1460.91675699492,1140.78263944953,2905.2737484723,2868.78463172425,2797.90136269604,2823.99102633363,2741.46940640758,2469.69054277933,2595.17529996985,2805.44522596365,2873.6801900417,2844.95943493673
"GNI per capita, Atlas method (current US$)",NY.GNP.PCAP.CD,Middle income,MIC,783.901166608017,1201.46653988518,4695.4980854419,4657.78210104816,4771.43508489595,5117.44666090722,5367.87350564119,5189.0217781532,5726.38390503256,6154.83177171568,6447.84925060964,6489.19783986674
"GNI per capita, Atlas method (current US$)",NY.GNP.PCAP.CD,North America,NAC,24075.539423509,34375.8891226592,55201.0411071103,55688.4802153149,57446.9404366621,61394.9853233388,64034.5426451987,62782.0190907625,69187.8826878581,74650.8595094331,77950.0172840059,80391.3780024436
"GNI per capita, Atlas method (current US$)",NY.GNP.PCAP.CD,Not classified,INX,..,..,..,..,..,..,..,..,..,..,..,..
"GNI per capita, Atlas method (current US$)",NY.GNP.PCAP.CD,OECD members,OED,16871.211259427,23047.4650251921,37350.9701418497,36601.3794708086,36775.3764757804,39197.6258547304,40486.3124784281,39001.3545344563,42952.2359244126,45503.5359388878,46422.7945273571,47045.4634221853
"GNI per capita, Atlas method (current US$)",NY.GNP.PCAP.CD,Other small states,OSS,3360.88881908458,4823.98786171993,11093.6408632226,10807.3558466678,11068.2947548416,12231.4869654688,12986.9597172913,11954.5325517985,12913.9071434932,13814.5455359507,14484.4443810907,14750.9265474707
"GNI per capita, Atlas method (current US$)",NY.GNP.PCAP.CD,Pacific island small states,PSS,1399.45177096441,1777.63219725199,3775.59605678909,3813.61266882238,3862.17849490928,4155.13019743708,4280.16961537905,3844.41630555847,3780.01291466547,4149.83584054583,4288.41749154162,4331.19657607351
"GNI per capita, Atlas method (current US$)",NY.GNP.PCAP.CD,Post-demographic dividend,PST,19010.9136419814,26009.3837500809,42510.9891828266,41858.6611946973,42254.2126356317,45206.1838767099,46856.5894178886,45283.7389566839,49941.9639428873,53002.4782656465,54106.4191608446,54694.1402477952
"GNI per capita, Atlas method (current US$)",NY.GNP.PCAP.CD,Pre-demographic dividend,PRE,..,..,1621.97875618335,1446.57080427533,1302.50703906056,1329.1650734448,1406.56559872977,1347.9574545672,1385.76545914692,1465.87804878872,1453.36669415236,1334.14438766549
"GNI per capita, Atlas method (current US$)",NY.GNP.PCAP.CD,Small states,SST,3162.52652486309,4707.97278138482,10817.3431394643,10396.4892207152,10522.5459045529,11352.7259492349,11942.3346183835,10860.1213867207,11679.7406539945,12673.7442979968,13688.7988172121,14036.4667607132
"GNI per capita, Atlas method (current US$)",NY.GNP.PCAP.CD,South Asia,SAS,374.703839753615,441.0117352183,1561.67886043325,1664.04541120413,1800.11474991739,1998.71985787696,2105.40954764652,1957.00452486963,2222.50192836498,2438.08551867537,2603.0070495754,2662.61190431656
"GNI per capita, Atlas method (current US$)",NY.GNP.PCAP.CD,South Asia (IDA & IBRD),TSA,374.703839753615,441.0117352183,1561.67886043325,1664.04541120413,1800.11474991739,1998.71985787696,2105.40954764652,1957.00452486963,2222.50192836498,2438.08551867537,2603.0070495754,2662.61190431656
"GNI per capita, Atlas method (current US$)",NY.GNP.PCAP.CD,Sub-Saharan Africa,SSF,748.535838250387,660.279111518344,1713.45099948985,1543.28832134178,1452.30071673353,1503.54094296861,1570.32850249423,1507.05088239668,1571.70295502834,1639.35808604513,1618.77616248784,1513.23621590981
"GNI per capita, Atlas method (current US$)",NY.GNP.PCAP.CD,Sub-Saharan Africa (excluding high income),SSA,792.662714638841,718.32171719967,1840.10263658431,1643.09757172019,1534.13749693276,1584.73899705979,1653.47735527536,1578.67369946883,1643.26969137832,1709.90126880952,1675.25555955705,1534.87248317191
"GNI per capita, Atlas method (current US$)",NY.GNP.PCAP.CD,Sub-Saharan Africa (IDA & IBRD countries),TSS,748.535838250388,660.279111518345,1713.45099948985,1543.28832134178,1452.30071673353,1503.54094296861,1570.32850249423,1507.05088239668,1571.70295502833,1639.35808604513,1618.77616248784,1513.23621590981
"GNI per capita, Atlas method (current US$)",NY.GNP.PCAP.CD,Upper middle income,UMC,1058.44038228752,1770.59125257541,7612.26311653682,7526.91291958495,7726.80918895331,8304.81826635796,8753.0223462245,8535.28501721094,9464.7406751759,10178.7633698124,10743.5876675825,10880.4140437676
"GNI per capita, Atlas method (current US$)",NY.GNP.PCAP.CD,World,WLD,4269.69609994739,5481.73975660844,10573.8024361889,10341.4451067899,10418.6695483957,11120.4682425469,11544.5309504223,11099.369070049,12172.9095294143,12953.8658645794,13332.5879022149,13439.217481599
"GNI, Atlas method (current US$)",NY.GNP.ATLS.CD,Afghanistan,AFG,..,..,20114103580.5321,19449602244.5449,19032212583.775,19092091282.3498,19698775580.2624,19236860322.2919,15384996781.5891,14887595113.2198,15544811236.1544,..
"GNI, Atlas method (current US$)",NY.GNP.ATLS.CD,Albania,ALB,2144674610.30862,3491414609.01827,12715417093.2017,12563409307.2457,12458632586.8702,14078519289.8988,15139915794.98,15103517322.9941,17283334175.1073,18934330930.4404,21085442634.1994,23594433056.8604
"GNI, Atlas method (current US$)",NY.GNP.ATLS.CD,Algeria,DZA,60956936668.2296,49486762889.1243,215806846087.442,201027370828.171,185015661644.63,189280929890.865,194060473548.472,177026869490,184232109334.548,201455773423.337,228481173658.39,249052479062.178
"GNI, Atlas method (current US$)",NY.GNP.ATLS.CD,American Samoa,ASM,..,..,..,..,..,..,..,..,..,..,..,..
"GNI, Atlas method (current US$)",NY.GNP.ATLS.CD,Andorra,AND,..,..,..,..,..,..,3552046783.07492,3284843013.4622,3504828591.53463,3793394288.79671,3874360436.07838,4004487518.31026
"GNI, Atlas method (current US$)",NY.GNP.ATLS.CD,Angola,AGO,9209298635.09159,5902874417.85882,110414347932.605,74246131635.2853,63162374518.4857,61533771356.4081,68335787525.7111,56331404563.5967,56607120856.9807,66552373407.6129,78111993717.1965,83996121677.7801
"GNI, Atlas method (current US$)",NY.GNP.ATLS.CD,Antigua and Barbuda,ATG,444033229.625953,839281427.964338,1301281332.54,1356337300.99126,1434595321.76569,1587810201.8617,1667846619.26974,1413081847.14665,1540520034.00098,1749943384.10032,1855246703.20138,2004613168.80263
"GNI, Atlas method (current US$)",NY.GNP.ATLS.CD,Argentina,ARG,104077656083.185,275544288842.814,543279945585.475,532504167159.506,578798149500.896,553193024104.448,504056284870.866,408628794998.707,456257174738.439,536800679798.868,586900838956.779,614323620534.772
"GNI, Atlas method (current US$)",NY.GNP.ATLS.CD,Armenia,ARM,..,2031449553.05025,11738591314.7376,11045672826.7053,11621380668.6106,12521390580.5486,13777592544.9172,12529414177.0274,13555497545.2684,16864496346.5623,20271184637.3755,23586569903.903
"GNI, Atlas method (current US$)",NY.GNP.ATLS.CD,Aruba,ABW,760451194.722168,1817197910.91781,2639315168.02316,2747821767.15291,2947640697.68666,3063985462.34886,3136655441.57925,2412322467.4464,3017311755.18008,3282344962.82564,3233132181.29714,..
"GNI, Atlas method (current US$)",NY.GNP.ATLS.CD,Australia,AUS,295982342290.255,405356308456.514,1441462730286.21,1308840699663.06,1266055498561.11,1324951828019.18,1390620135689.17,1375516610057.42,1468717768493.45,1579305202101.09,1683419888355.52,1701532748783.19
"GNI, Atlas method (current US$)",NY.GNP.ATLS.CD,Austria,AUT,157790553468.741,213619225098.708,407854356302.746,401752142847.211,394149938959.953,430606839462.603,451944761647.235,436969690468.1,478215709180.576,509249159702.096,504287996072.477,497098263415.624
"GNI, Atlas method (current US$)",NY.GNP.ATLS.CD,Azerbaijan,AZE,..,5110511672.62741,63771170595.4099,46729265961.2958,40488379902.8772,40582565591.203,45195408171.217,45239062411.855,49755216857.3998,57455094633.7577,67773531362.7295,74596878603.3505
"GNI, Atlas method (current US$)",NY.GNP.ATLS.CD,"Bahamas, The",BHS,3040510047.89487,7732579723.37593,10642788912.4057,10795875943.0009,11544982147.7816,12036531845.2971,12483956933.4685,9966696173.20513,11855352772.6226,13431595517.4497,14196598420.2964,..
"GNI, Atlas method (current US$)",NY.GNP.ATLS.CD,Bahrain,BHR,4497900920.27458,7966747271.0869,32398179121.1868,32348153026.6238,33567083870.0418,36371870888.2636,38283637016.1469,35142545161.3871,37975991072.7288,43142062339.6955,44889724925.2661,45764136213.6306
"GNI, Atlas method (current US$)",NY.GNP.ATLS.CD,Bangladesh,BGD,32618765050.2979,55712709024.5614,191338510755.539,225591727898.942,266736774826.827,329854436730.53,366469040884.315,385238514893.684,435560113926.691,483370788278.341,493931963339.332,490163577971.904
"GNI, Atlas method (current US$)",NY.GNP.ATLS.CD,Barbados,BRB,1983488193.7416,2926246625.7744,5023568420.23274,5052290599.15663,5110449675.46021,5283598333.87203,5480458040.24292,4961390522.80959,5170224682.78901,6292322610.93682,6455714061.55981,6682283993.36912
"GNI, Atlas method (current US$)",NY.GNP.ATLS.CD,Belarus,BLR,..,13765809022.7219,63800961503.5867,53366156238.8943,50355237450.4886,54056817025.4418,59991271909.6961,60152654567.6468,65477991715.4502,66525038948.5186,72041609266.1581,75231909884.5218
"GNI, Atlas method (current US$)",NY.GNP.ATLS.CD,Belgium,BEL,192493996221.605,265412964617.756,513200861929.647,490005006478.761,481262738882.462,525462011323.563,552262304991.162,534574165192.126,592369946168.748,635524360570.277,648574092813.902,651341848516.808
"GNI, Atlas method (current US$)",NY.GNP.ATLS.CD,Belize,BLZ,563464212.253702,1078077521.8529,2064330607.34388,2060704785.59692,2049953906.46705,2141499623.6666,2264783346.2255,2018975568.55443,2409394975.90124,2701899698.08673,2833194956.38381,3187641996.85925
"GNI, Atlas method (current US$)",NY.GNP.ATLS.CD,Benin,BEN,1825173505.13904,3285462999.59517,12492450828.6316,12171124091.5211,12308707529.4218,13827117872.9177,14878909136.2705,15552220816.2552,17152711392.7809,18679223216.3568,19618473433.2909,20642195713.199
"GNI, Atlas method (current US$)",NY.GNP.ATLS.CD,Bermuda,BMU,..,..,6596440014.57268,6689406375.36548,7213810392.16825,7478242793.52089,7495626006.60934,7144127971.98838,7784007213.3193,8559624501.93118,8701567692.86913,9066859144.5741
"GNI, Atlas method (current US$)",NY.GNP.ATLS.CD,Bhutan,BTN,295580365.495429,423072895.763584,2030629710.94194,2152170785.36801,2230803840.8818,2392690842.31536,2578551319.66653,2342260679.6698,2558909594.57066,2810795223.13082,2937883989.15412,..
"GNI, Atlas method (current US$)",NY.GNP.ATLS.CD,Bolivia,BOL,4935696862.29996,8287220575.32624,32208419842.9135,33490607690.1137,34575847667.7103,38242657885.4946,40542447636.8663,37214453826.5698,39797122316.0686,42684909804.2166,44317641748.5567,45811313493.9316
"GNI, Atlas method (current US$)",NY.GNP.ATLS.CD,Bosnia and Herzegovina,BIH,..,5525188055.324,18086544442.6312,17600401100.0363,17385647666.2767,19385968203.0569,20687550970.1911,20316003116.5814,22606222235.567,24693503903.0648,26348207109.8122,27298381572.0199
"GNI, Atlas method (current US$)",NY.GNP.ATLS.CD,Botswana,BWA,3505142826.86259,5217043803.74187,13517645431.8946,13545412769.8986,14065758513.4897,15358981753.513,17530179389.7368,15616186979.7486,18071657257.0962,20124230777.6555,20744650969.6278,19548512880.5072
"GNI, Atlas method (current US$)",NY.GNP.ATLS.CD,Brazil,BRA,367751704450.406,687477556780.305,2084247076763.26,1839991782355.98,1808496550076.77,1920050002203.86,1953066788958.56,1686362765413.99,1689214233969.27,1774306722169.84,1966123812518.7,2108530453342.57
"GNI, Atlas method (current US$)",NY.GNP.ATLS.CD,British Virgin Islands,VGB,..,..,..,..,..,..,..,..,..,..,..,..
"GNI, Atlas method (current US$)",NY.GNP.ATLS.CD,Brunei Darussalam,BRN,5470112769.49388,6328778926.33281,16120407504.3151,13925295902.2249,12650668314.2046,12604811294.3462,13965446695.7624,13785012116.7097,13502130876.6977,14101780021.9434,15785128474.6128,16725104699.1241
"GNI, Atlas method (current US$)",NY.GNP.ATLS.CD,Bulgaria,BGR,19583467212.2807,13565906176.3777,53215970339.4541,52585518867.1463,53737955575.6436,59557701786.9988,65755733593.6226,66188682307.2437,76291175780.9987,84720088956.2712,91979653434.5682,98739790334.6577
"GNI, Atlas method (current US$)",NY.GNP.ATLS.CD,Burkina Faso,BFA,2922762679.13095,3135673598.47197,12719827561.6676,12626356083.9431,12947522457.5114,14844368558.9627,15808056720.9572,16678684589.9158,18355251578.1944,19356556225.2465,19697494427.106,20656399353.0211
"GNI, Atlas method (current US$)",NY.GNP.ATLS.CD,Burundi,BDI,1187230148.14582,859340937.275325,2652740332.51081,2698513844.91404,2772946891.68494,2751048867.88195,2752978398.27792,2699979060.64512,2815868449.84815,3117740178.45969,3041039340.71919,2711217733.54304
"GNI, Atlas method (current US$)",NY.GNP.ATLS.CD,Cabo Verde,CPV,303441502.831727,601942766.113952,1855146770.9132,1833718971.6041,1855294382.70066,2072912094.72578,2269954897.08452,1807700962.38846,2001844660.79085,2366105896.08334,2496524929.16268,2625425707.93453
"GNI, Atlas method (current US$)",NY.GNP.ATLS.CD,Cambodia,KHM,1218159968.09786,3672712893.92597,22272199502.1818,24513116372.8426,27176412687.0192,31194439801.5765,34630282983.4981,34220711746.3097,35980716051.5175,38995460841.2199,41674159335.0282,44428246000.817
"GNI, Atlas method (current US$)",NY.GNP.ATLS.CD,Cameroon,CMR,11383818350.6522,10876798937.4959,34926201157.9492,34412094661.6485,34106364833.522,37685520416.0938,39762247057.2052,40320016761.8029,43312468773.2373,45747510263.4727,47872132681.7906,49039480920.5846
"GNI, Atlas method (current US$)",NY.GNP.ATLS.CD,Canada,CAN,571750540297.188,697909203732.725,1698848536813.02,1585229175341.14,1567890181029.63,1670516561344.5,1752253443569.44,1669280883269.54,1876762177283.96,2096755180148.68,2190882990721.19,2202315879885.4
"GNI, Atlas method (current US$)",NY.GNP.ATLS.CD,Cayman Islands,CYM,..,..,2738890213.26494,3018186303.2263,3348707299.13231,3816554267.90797,4344154096.34888,3864114497.21919,4742557023.98688,4422801748.73949,..,..
"GNI, Atlas method (current US$)",NY.GNP.ATLS.CD,Central African Republic,CAF,1349587850.01866,938658349.091171,1802704234.84003,1869960216.76917,2006376458.11133,2299192875.99328,2450838201.33578,2451238915.14432,2613670959.9981,2665625203.94353,2707281933.16005,2745604870.43045
"GNI, Atlas method (current US$)",NY.GNP.ATLS.CD,Chad,TCD,1591272337.61995,1507015822.62835,16524071199.6823,14237045466.7555,12948681736.6743,14325338367.112,15376057432.5162,15298016562.2899,15856324882.5318,18514223622.8008,19394927462.3779,19684619240.4353
"GNI, Atlas method (current US$)",NY.GNP.ATLS.CD,Channel Islands,CHI,..,..,..,..,..,..,..,..,..,..,..,..
"GNI, Atlas method (current US$)",NY.GNP.ATLS.CD,Chile,CHL,31503694498.201,77957926480.3689,254044371735.224,243046025927.931,244936721607.185,273178462221.411,282097292463.388,251017616877.927,287702978790.467,301825433784.235,313510258028.243,311279825283.339
"GNI, Atlas method (current US$)",NY.GNP.ATLS.CD,China,CHN,374893953358.05,1193318743705.32,11087246938146.4,11604134912471.2,12332590581343.7,13636874565685.7,14797204989129.2,15153114476656.1,17253947261998.4,18595279821527.8,19375860860094.7,19251262764510.9
"GNI, Atlas method (current US$)",NY.GNP.ATLS.CD,Colombia,COL,43893397365.0238,92669093768.0226,348545494567.166,311102697309.253,290428821000.275,311265472385.815,330794134537.588,296080308248.983,322872875619.624,339395556322.041,351813865866.174,372510473189.196
"GNI, Atlas method (current US$)",NY.GNP.ATLS.CD,Comoros,COM,402765172.803672,393975209.36829,1088583578.82526,1048218875.43673,1052658032.54018,1160912878.29134,1222491183.65147,1271063991.32033,1323589001.1017,1368245530.17481,1413463996.6017,1467449587.06041
"GNI, Atlas method (current US$)",NY.GNP.ATLS.CD,"Congo, Dem. Rep.",COD,8370457740.89081,6352189539.07417,34874329938.9504,36861850048.0758,37221273740.0993,41634219503.6157,45692407058.6606,49887060271.9509,53924709479.3666,60052867776.2443,67340010512.158,70357001205.0213
"GNI, Atlas method (current US$)",NY.GNP.ATLS.CD,"Congo, Rep.",COG,2184433376.71337,1768073607.12825,15680036449.6115,11826831604.3751,9326600453.48378,11333708128.0311,12270544101.9093,12850227586.213,11998298068.2506,13072467559.8275,15144181833.5315,15243149154.621
"GNI, Atlas method (current US$)",NY.GNP.ATLS.CD,Costa Rica,CRI,5445106526.75082,14147650258.9011,51883343073.3572,54371622126.0668,56906070536.6717,59845792296.9804,61218526966.7942,58916280571.138,63892747142.2418,67119511463.9894,72788330406.87,80152107545.8222
"GNI, Atlas method (current US$)",NY.GNP.ATLS.CD,Cote d'Ivoire,CIV,9252562275.74883,10715842936.1899,47540059401.8622,48916733337.103,50063915043.6004,55125815646.735,59848852036.5625,61171952028.0076,68303480070.952,74090329055.8019,77791676742.6747,80243465049.4207
"GNI, Atlas method (current US$)",NY.GNP.ATLS.CD,Croatia,HRV,..,23706719576.9596,56371786224.619,53748907700.19,53953785026.3382,58519873483.6046,62397399199.2381,59190152474.5853,67581179327.035,74679345599.8802,79486859014.6914,85350397575.561
"GNI, Atlas method (current US$)",NY.GNP.ATLS.CD,Cuba,CUB,28120656969.8603,29128448508.533,81915860090.0296,84811198965.6084,90098345662.7451,97808502472.0855,100933901481.694,..,..,..,..,..
"GNI, Atlas method (current US$)",NY.GNP.ATLS.CD,Curacao,CUW,..,..,2966429648.53836,2915027208.70735,2919558374.0475,2999349345.08075,3013287564.53825,2517376719.18035,2762856103.25837,3159961537.724,3269836293.9866,..
"GNI, Atlas method (current US$)",NY.GNP.ATLS.CD,Cyprus,CYP,5395387662.48687,9843305304.46781,22116023095.9136,21151400876.8033,21504995747.1456,23986825373.5043,25438723748.6497,24331754573.9337,27254064654.3498,30135815060.5181,30559171607.2318,30996274292.8868
"GNI, Atlas method (current US$)",NY.GNP.ATLS.CD,Czechia,CZE,..,65378926089.2901,193417094468.938,186577264392.86,194412202801.059,220041306610.102,239510684939.36,237344357279.85,267886790339.937,290360740994.031,316515376652.701,317109586694.595
"GNI, Atlas method (current US$)",NY.GNP.ATLS.CD,Denmark,DNK,125338283635.763,173860922273.634,342995387157.982,331275583248.078,326307486681.511,353926130722.904,366423341896.891,365691647060.248,411785808477.499,432816038475.892,436164758689.228,441049942283.989
"GNI, Atlas method (current US$)",NY.GNP.ATLS.CD,Djibouti,DJI,..,..,2325633424.07246,2455811775.91439,2581255192.76122,2789283255.34787,3031710587.38235,3067974870.96122,3353894914.62079,3758151635.9249,4052533428.72059,4136580968.57524
"GNI, Atlas method (current US$)",NY.GNP.ATLS.CD,Dominica,DMA,197899422.543859,294217097.460106,528942315.679596,556540564.212894,552876062.002597,605572378.629484,634517895.352236,556451164.703043,581842891.988075,651112025.200484,664632214.338205,676427200.355831
"GNI, Atlas method (current US$)",NY.GNP.ATLS.CD,Dominican Republic,DOM,6232622948.80314,22728645485.3376,67523054578.3141,71242007513.3647,73786642724.587,81950122878.589,86462135706.6416,77895171040.9349,90720215997.2848,102735717829.481,109893479756.972,117474309427.976
"GNI, Atlas method (current US$)",NY.GNP.ATLS.CD,Ecuador,ECU,14025768045.5933,19065970014.8224,97078893908.5791,94956077961.139,99440973511.4337,104357048866.065,105770793676.932,94880661669.999,107786224707.568,116763896937.257,118413969707.068,116591070593.395
"GNI, Atlas method (current US$)",NY.GNP.ATLS.CD,"Egypt, Arab Rep.",EGY,42420796569.1375,97432762038.1701,309136456237.733,325198707867.36,299135901450.098,285957177201.479,284476644960.666,323679040655.723,384943833463.599,455137361816.393,439250522294.35,408684228938.659
"GNI, Atlas method (current US$)",NY.GNP.ATLS.CD,El Salvador,SLV,4739749287.34655,11209909097.7939,21764575109.2208,22295959534.2249,23009116412.1527,24503563518.8784,25696389752.2677,23674586507.5212,27385712597.1189,29588979933.4935,31247059617.9258,32452737359.2112
"GNI, Atlas method (current US$)",NY.GNP.ATLS.CD,Equatorial Guinea,GNQ,110248032.419309,466800829.47266,12677723816.3347,10043892394.8458,8216527053.82137,8803820240.17428,8567921457.87157,8218021001.0288,8470256694.34097,8235168490.4832,8948805726.41533,8964113099.91453
"GNI, Atlas method (current US$)",NY.GNP.ATLS.CD,Eritrea,ERI,..,696070945.451352,..,..,..,..,..,..,..,..,..,..
"GNI, Atlas method (current US$)",NY.GNP.ATLS.CD,Estonia,EST,..,5820015908.14,24859266368.2025,24526402554.4203,25209563359.0206,28550068929.0152,31166634892.3914,31355064508.8009,35050269096.8606,37295676711.5892,37795862385.133,39369580045.8838
"GNI, Atlas method (current US$)",NY.GNP.ATLS.CD,Eswatini,SWZ,1064370093.76521,1679334056.56728,4050531537.75365,3805326235.57671,3777490738.87678,4025780041.23082,4337483079.00972,4078487584.34293,4337595261.38866,4449479358.91775,4610812868.05155,4454721872.69508
"GNI, Atlas method (current US$)",NY.GNP.ATLS.CD,Ethiopia,ETH,12602805977.4751,8418570725.50227,60070106909.3207,68942770686.9146,78378671040.5585,86862243361.6444,94972285689.0714,102643482805.421,113576207551.681,126125706369.814,..,..
"GNI, Atlas method (current US$)",NY.GNP.ATLS.CD,Faroe Islands,FRO,..,..,2820189340.19867,2839719051.60036,2906518650.2387,3207911862.64361,3418939721.20908,3374897848.46634,3733012082.57595,3902112747.15023,3930752744.69086,..
"GNI, Atlas method (current US$)",NY.GNP.ATLS.CD,Fiji,FJI,1306438502.07276,1807689111.76739,4432045850.24008,4605397527.10776,4708581125.07531,5219764211.21776,5137706358.43726,4283252003.41697,4147002422.458,5003514000.17999,5249619850.04953,5271446724.9965
"GNI, Atlas method (current US$)",NY.GNP.ATLS.CD,Finland,FIN,129537242306.484,137016252342.16,256771981905.124,248142777648.351,245208808700.512,264171112715.472,273835394505.886,274432363970.106,292594560812.031,300681438877.661,296630943230.469,291527846192.007
"GNI, Atlas method (current US$)",NY.GNP.ATLS.CD,France,FRA,1192373476963.84,1519857751233.83,2737428383785.61,2603823276261.62,2551002342698.61,2751033040382.7,2878835252263.54,2683183288339.89,3005629537434.2,3124990652310.46,3103140976896.73,3095690083211.3
"GNI, Atlas method (current US$)",NY.GNP.ATLS.CD,French Polynesia,PYF,3095977977.51251,4658418554.94616,6406454841.4116,6189245829.88563,6223022170.55462,6635704655.72204,6845485733.45599,6349459326.65137,6634222166.24035,6925690627.13108,7103434631.93431,..
"GNI, Atlas method (current US$)",NY.GNP.ATLS.CD,Gabon,GAB,4576829244.67084,3803609034.16763,15530343979.275,14216590532.1583,13440719185.3539,14478863022.2703,15577086864.7783,15629666179.0637,15504347322.969,18178079289.4642,19255529082.9295,19160116181.9414
"GNI, Atlas method (current US$)",NY.GNP.ATLS.CD,"Gambia, The",GMB,292371831.050015,821353700.909513,1302539892.49227,1339838186.50614,1458120056.41328,1642760729.22396,1768269711.04523,1803007520.69384,1956416478.25094,2178025785.89973,2343348603.48994,2464145180.68203
"GNI, Atlas method (current US$)",NY.GNP.ATLS.CD,Georgia,GEO,7865179916.11941,3215010228.68723,16764254568.877,15595315199.8665,15385511051.2937,17085873545.9519,17766012480.0934,16117306648.2666,17666018035.6133,21107767052.276,24935292682.8867,30118413628.313
"GNI, Atlas method (current US$)",NY.GNP.ATLS.CD,Germany,DEU,1696757948672.73,2168659351290.64,3805427627280.62,3735291459322.52,3695098839989.88,4040211833781.72,4180494792027.2,4034474062512.36,4388587659090.5,4585886353580.13,4610833912802.41,4589971753975.53
"GNI, Atlas method (current US$)",NY.GNP.ATLS.CD,Ghana,GHA,5849623829.95199,6465489060.14719,53887106037.1886,51665371592.881,54862193997.5399,63128492722.7699,67707676064.7662,71842815050.741,74951261296.8911,79506151356.9339,77050378067.0935,79779355453.4759
"GNI, Atlas method (current US$)",NY.GNP.ATLS.CD,Gibraltar,GIB,..,..,..,..,..,..,..,..,..,..,..,..
"GNI, Atlas method (current US$)",NY.GNP.ATLS.CD,Greece,GRC,91514622023.6071,144255875263.313,215540322334.496,199329729787.415,192409003108.576,204580125528.041,211976057895.13,192931903980.251,215099399914.173,230076708577.928,232295963169.931,239264858381.408
"GNI, Atlas method (current US$)",NY.GNP.ATLS.CD,Greenland,GRL,872243893.322831,1140084226.87556,..,..,..,..,..,..,..,..,..,..
"GNI, Atlas method (current US$)",NY.GNP.ATLS.CD,Grenada,GRD,273202586.086912,473787968.826052,850090266.36567,920927024.403226,970192840.098586,1066138044.05451,1089749217.78411,975574240.332142,1037337254.56756,1170574675.14704,1183421055.07733,1237016451.22648
"GNI, Atlas method (current US$)",NY.GNP.ATLS.CD,Guam,GUM,..,..,..,..,..,..,..,..,..,..,..,..
"GNI, Atlas method (current US$)",NY.GNP.ATLS.CD,Guatemala,GTM,8436347841.02721,19403823911.3196,57670001792.0676,61233800582.5895,65897763603.4858,71991571279.5826,76754527061.7224,75712876782.3743,84531917906.9298,93112099371.9897,99232734308.1825,106394520027.183
"GNI, Atlas method (current US$)",NY.GNP.ATLS.CD,Guinea,GIN,3843326203.178,4886328865.23054,8703405453.86032,9150006371.8308,9948321949.60518,10899158559.0898,12597986877.5708,13777748318.8515,15384445600.2436,18059938901.6325,19306237928.4729,21718974571.4609
"GNI, Atlas method (current US$)",NY.GNP.ATLS.CD,Guinea-Bissau,GNB,573453713.21255,508756647.728386,1191004679.37739,1236070350.97176,1333235398.38725,1441381839.8847,1668352589.4,1706412705.6897,1855942322.41103,1990825470.27447,2079862775.28185,2118719639.14207
"GNI, Atlas method (current US$)",NY.GNP.ATLS.CD,Guyana,GUY,293983159.152072,662571887.155586,4197321439.87939,4279939027.89309,4512704346.63796,4826239769.23059,5151310309.97927,6530380501.12573,6368342318.06866,8039637662.38575,14682766779.6947,16806394314.9512
"GNI, Atlas method (current US$)",NY.GNP.ATLS.CD,Haiti,HTI,2938966333.7314,4628894854.27378,15073930811.9857,14680073741.8599,14811035468.0917,15686978270.293,15710970920.1862,15069490462.0215,16503952289.1643,18623837327.9747,20425590800.0279,20747380558.5217
"GNI, Atlas method (current US$)",NY.GNP.ATLS.CD,Honduras,HND,5482223145.0739,6707315557.89619,18753419055.5664,19698747620.6188,21168930160.0891,22308762539.9009,23206501549.8938,21472692890.4167,25122076929.6107,28217097886.46,30632885969.4479,32658132972.0505
"GNI, Atlas method (current US$)",NY.GNP.ATLS.CD,"Hong Kong SAR, China",HKG,72224381839.9083,179502626868.331,300224116312.602,315280246074.796,342908660526.989,373034470072.042,378999832268.474,363194268042.22,403126225245.119,396669371694.1,413778475926.628,429592798493.154
"GNI, Atlas method (current US$)",NY.GNP.ATLS.CD,Hungary,HUN,31236480676.1401,47226579890.5965,130373468981.65,129104988925.682,129426546564.358,147305815422.39,163264441595.031,157924667487.888,173996543416.909,184759158023.633,190542037074.005,197811788305.685
"GNI, Atlas method (current US$)",NY.GNP.ATLS.CD,Iceland,ISL,6221529353.80021,8923071834.53085,17462374121.0018,19695751013.2354,21445082218.2234,25607612096.8461,27100022160.1324,24139684561.5161,24937593892.0093,28124313337.1653,31765409536.5041,31752683934.3955
"GNI, Atlas method (current US$)",NY.GNP.ATLS.CD,India,IND,334591728469.989,467082505999.831,2097598211573.26,2246783906989.46,2439593980808.9,2713329693634.35,2878536458775.62,2661734078595.43,3064476293210.88,3404829101289.65,3704749866028.23,3838578885155.85
"GNI, Atlas method (current US$)",NY.GNP.ATLS.CD,Indonesia,IDN,101910452938.074,122450409459.164,886547498568.441,890493673493.167,934207963786.966,1028158608331.65,1096634205242.26,1059188261564.16,1142865991927.34,1261521639064.33,1351647232914.92,1393237295551.4
"GNI, Atlas method (current US$)",NY.GNP.ATLS.CD,"Iran, Islamic Rep.",IRN,142994596978.134,116010632487.03,450903427804.238,457385650746.177,465277917904.036,452148096007.874,393918788471.041,328413619641.736,343094563628.549,367578687594.432,420760882532.35,426384362530.046
"GNI, Atlas method (current US$)",NY.GNP.ATLS.CD,Iraq,IRQ,123119557423.844,37466902073.6077,204954405024.486,194608175973.794,174189191228.915,193950999980.248,227221921453.663,198635185736.023,204053609362.393,242777399394.973,266832724858.862,277800635913.249
"GNI, Atlas method (current US$)",NY.GNP.ATLS.CD,Ireland,IRL,44137988649.1518,91821845854.05,246397937191.918,252137449774.627,262830807727.567,289573184969.658,311111844272.648,325307551826.503,379575220440.976,399591209615.813,419192948726.087,419245327840.249
"GNI, Atlas method (current US$)",NY.GNP.ATLS.CD,Isle of Man,IMN,855519178.229492,1700083432.48392,6990702759.88652,6568246935.168,6512437651.50785,6991581500.38803,7091879232.20646,6664756064.90583,6429123423.25547,6599683417.93738,..,..
"GNI, Atlas method (current US$)",NY.GNP.ATLS.CD,Israel,ISR,60031384667.7408,128193658721.851,309936939138.59,318892744051.447,337201360750.813,373637083340.523,400866225359.539,399638227540.138,465598462954.252,529962661359.123,534623434993.376,528040540407.754
"GNI, Atlas method (current US$)",NY.GNP.ATLS.CD,Italy,ITA,1061031367692.61,1251416242715.74,2015562613864.84,1947749931461.05,1907224935160.7,2052104941010.41,2092492077225.61,1937491460457.33,2174027538549.97,2304963826976.64,2277845095122.04,2258742057986.52
"GNI, Atlas method (current US$)",NY.GNP.ATLS.CD,Jamaica,JAM,4291812579.07373,8598297980.50554,13597633922.8844,13358039418.0049,13874120460.3446,14700979693.7588,15469599207.2395,13826989992.7113,14686930600.1246,16266845365.3925,17654416175.9058,18428226999.0674
"GNI, Atlas method (current US$)",NY.GNP.ATLS.CD,Japan,JPN,3505824616898.24,4669256815158.21,5006471935031.63,4887581873397.65,4943005267666.01,5300391313005.17,5315223353078.9,5167907446929.82,5493061119169.75,5334916887561.31,4901110430339.08,4467327039083.51
"GNI, Atlas method (current US$)",NY.GNP.ATLS.CD,Jordan,JOR,4545636204.66222,8567133295.23604,36645221073.1296,38174010512.3423,40069648832.0782,42817007185.7508,44703663545.0152,44216979167.5592,46904506597.944,49246002071.448,50852653089.7728,51176187350.558
"GNI, Atlas method (current US$)",NY.GNP.ATLS.CD,Kazakhstan,KAZ,..,18866293483.0378,199694752875.065,155999097992.4,145112008014.425,147576694028.709,163361644199.513,163276500343.564,168692843270.05,188688263602.478,217357742267.605,250145015031.575
"GNI, Atlas method (current US$)",NY.GNP.ATLS.CD,Kenya,KEN,8845123196.81818,13172821842.9123,62095754502.3638,71748257092.2357,75691962706.1825,86589036361.0521,96154458897.4586,99712048015.3376,110339108512.713,117689640763.894,116961158793.37,119075651821.527
"GNI, Atlas method (current US$)",NY.GNP.ATLS.CD,Kiribati,KIR,45521533.0991338,121317340.523815,408162759.813804,354819097.433211,376529535.261746,400192475.337605,447056149.748273,387011336.072135,404638552.207522,433646402.964429,489068221.828689,487161835.977694
"GNI, Atlas method (current US$)",NY.GNP.ATLS.CD,"Korea, Dem. People's Rep.",PRK,..,..,..,..,..,..,..,..,..,..,..,..
"GNI, Atlas method (current US$)",NY.GNP.ATLS.CD,"Korea, Rep.",KOR,276676375832.792,518607619079.427,1465140433530.29,1502019360877,1555716400575.95,1688927029003.05,1750991514984.69,1712697394005.83,1821292793344.68,1868326792926.96,1835475723745.7,..
"GNI, Atlas method (current US$)",NY.GNP.ATLS.CD,Kosovo,XKX,..,..,7029467298.71501,6988596429.78944,7074763756.49733,7733194940.01377,8297390143.79222,7951875219.92433,9169552222.97359,9902238207.85616,10581386013.5723,10966664529.0111
"GNI, Atlas method (current US$)",NY.GNP.ATLS.CD,Kuwait,KWT,27727795506.4839,36767775890.5327,160418583519.455,139813136861.463,127353919825.32,139823086636.294,158491308596.596,145886521699.446,156960587720.434,179550308626.717,203986987162.077,200213833966.367
"GNI, Atlas method (current US$)",NY.GNP.ATLS.CD,Kyrgyz Republic,KGZ,..,1375311507.69857,7025885604.61226,6741191536.90146,6901491002.1578,7731832023.8342,8190680323.58972,8171518183.75608,8697081088.5001,10727385192.9176,13081836536.9288,15513654838.3843
"GNI, Atlas method (current US$)",NY.GNP.ATLS.CD,Lao PDR,LAO,827476094.909781,1496698154.19655,13339842542.9469,14563895801.7476,15708810505.3244,17553673169.1316,18208815280.6296,18110172891.7362,18650869134.6331,17366641629.5246,16195396090.5167,15540345056.0937
"GNI, Atlas method (current US$)",NY.GNP.ATLS.CD,Latvia,LVA,..,7664404924.46646,28824952577.7542,28023282182.088,27896744427.1257,30851565530.1259,32553998984.7277,32969488389.0311,36384394157.5698,38755412083.8502,40174507179.6161,40849953158.9093
"GNI, Atlas method (current US$)",NY.GNP.ATLS.CD,Lebanon,LBN,3663390832.9803,17687455884.3118,47635097529.7782,48501677331.6132,50877786449.7832,52067138709.5957,50003837286.8018,36233963035.9356,27271479556.1188,23928868523.413,21563947204.5052,..
"GNI, Atlas method (current US$)",NY.GNP.ATLS.CD,Lesotho,LSO,930137565.211314,1185612332.74309,2703479429.18092,2642570109.0076,2495104449.81015,2726915727.38291,2888832463.35181,2626879637.28155,2701606352.9899,2911703558.35256,2898014273.96304,2745901598.17651
"GNI, Atlas method (current US$)",NY.GNP.ATLS.CD,Liberia,LBR,552577210.886064,564506401.903581,2896065016.55462,2918535409.45408,3021886622.08188,3054740443.96743,3030841624.71962,2957176559.32481,3295501371.28284,3646932009.54063,3971757792.06447,4268932839.56061
"GNI, Atlas method (current US$)",NY.GNP.ATLS.CD,Libya,LBY,28699077417.7574,31461429745.3439,54685569670.0762,50882228980.806,65749285234.7355,75365455597.0758,70190601999.3313,49375373281.1934,49478500427.8989,43026916267.9135,43426300717.1375,46571961809.1519
"GNI, Atlas method (current US$)",NY.GNP.ATLS.CD,Liechtenstein,LIE,1309195310.52754,2617079829.95541,..,..,..,..,..,..,..,..,..,..
"GNI, Atlas method (current US$)",NY.GNP.ATLS.CD,Lithuania,LTU,..,11254960422.1692,44299185096.6528,42836438339.6684,43378794340.9478,49468054544.4665,53986779369.0788,55633446089.4675,61892334367.6125,67668082199.8636,72580581190.3176,77823656932.114
"GNI, Atlas method (current US$)",NY.GNP.ATLS.CD,Luxembourg,LUX,11961962606.4631,19935821166.3824,41884059898.9995,42910077151.75,45202229071.5583,48707127199.8962,49155594383.5615,50491582293.0383,55587138415.4819,54988587518.1406,59746703925.8374,61989895783.0733
"GNI, Atlas method (current US$)",NY.GNP.ATLS.CD,"Macao SAR, China",MAC,3086140290.57313,6295989401.29215,37383962890.4152,39045162134.7574,43495866139.2418,48114907041.9164,48234494156.0399,30158828193.7886,31974038381.2993,30821851068.1724,44251379749.6497,..
"GNI, Atlas method (current US$)",NY.GNP.ATLS.CD,Madagascar,MDG,3573000982.78991,4576635838.30709,11858920629.2876,11659563209.7691,12024286199.9628,13119176017.9144,14003214519.2416,12936722127.6703,14071720938.4955,15133024385.6543,15827830199.2389,16429216421.282
"GNI, Atlas method (current US$)",NY.GNP.ATLS.CD,Malawi,MWI,2566803401.77056,2582364845.99259,8650763173.99395,8632391151.58564,8608398367.85295,9050492258.74723,10365485408.514,10953976240.9925,12101988705.9383,12617558887.2436,12628307005.0329,11789280902.6312
"GNI, Atlas method (current US$)",NY.GNP.ATLS.CD,Malaysia,MYS,43233642568.4405,80178759407.0033,323145413454.042,311560168337.287,309436620699.58,335818082224.215,359560938581.607,342787626410.569,360504060826.333,402769511101.314,411380195667.964,414910324316.965
"GNI, Atlas method (current US$)",NY.GNP.ATLS.CD,Maldives,MDV,206746316.403892,579046006.583939,3514316832.94787,3867763227.53611,4305938802.24368,4834005701.05622,5231074646.80293,3539178461.09367,4824357543.12606,5541166428.82538,5835207267.99766,6148427971.11761
"GNI, Atlas method (current US$)",NY.GNP.ATLS.CD,Mali,MLI,2435035266.37135,3106499830.77994,16545316568.5988,16653653275.94,17010095412.8468,19087459747.7681,20311542170.2203,20198384060.2543,21579975081.8475,22931540869.6829,23937094278.5273,24929896153.7345
"GNI, Atlas method (current US$)",NY.GNP.ATLS.CD,Malta,MLT,2690054760.7864,4477793526.06748,11314148657.7428,10828193520.146,12465374528.3433,14048429068.6171,15032319123.4766,14457953199.5968,16859137951.5743,17685104900.2216,19067530122.6916,19908964152.219
"GNI, Atlas method (current US$)",NY.GNP.ATLS.CD,Marshall Islands,MHL,98685111.6666747,149217184.946116,242923389.457693,241429066.668329,247118117.486457,273671218.081369,297949230.224241,282294714.276979,275570368.843387,300760812.203207,305036436.435585,314544743.841268
"GNI, Atlas method (current US$)",NY.GNP.ATLS.CD,Mauritania,MRT,1483232559.01289,1907497259.38934,6650080314.89398,6300770360.20547,6541197634.89239,7293350467.38862,7685962174.4492,7929207722.84019,8588083487.55841,9790514665.57238,10690625635.1786,10791454124.3563
"GNI, Atlas method (current US$)",NY.GNP.ATLS.CD,Mauritius,MUS,2606374781.94896,4694476271.63392,13149418994.3049,13155311495.7418,13554351812.9933,15278018036.3372,15851076856.9071,13252698636.6719,13722405466.0422,14667804011.7006,15222355568.8429,16186595720.7171
"GNI, Atlas method (current US$)",NY.GNP.ATLS.CD,Mexico,MEX,233734070296.402,648091263227.348,1280511652676.32,1190381172192.47,1143310436865.41,1191161317094.85,1240366188448.82,1130586047415.8,1261065448551.12,1379912713723.93,1557374265907.43,1674496758673.24
"GNI, Atlas method (current US$)",NY.GNP.ATLS.CD,"Micronesia, Fed. Sts.",FSM,171388820.775175,237473482.478922,380262430.960663,373577617.354728,375173756.052654,371812509.84543,447117545.282086,442904544.004372,450768419.721466,454198500.434409,465645242.119172,481159851.25395
"GNI, Atlas method (current US$)",NY.GNP.ATLS.CD,Moldova,MDA,..,1421447255.28381,9330369342.68465,8888973952.40413,9103276125.72284,10426312297.5525,11973406929.072,11501635280.3431,13675309063.8871,14011501449.292,15362665095.4745,16579707184.2078
"GNI, Atlas method (current US$)",NY.GNP.ATLS.CD,Monaco,MCO,..,..,..,..,..,..,..,..,..,..,..,..
"GNI, Atlas method (current US$)",NY.GNP.ATLS.CD,Mongolia,MNG,3133639408.4026,1115885938.19762,11403259105.8206,10678416260.5219,10075849819.2734,11706074335.3757,12413802372.7333,12271274244.8895,12474522178.2397,14888009092.1644,16956242137.3992,18861736915.936
"GNI, Atlas method (current US$)",NY.GNP.ATLS.CD,Montenegro,MNE,..,913059348.593659,4514370081.80649,4414568720.59225,4611709473.38341,5254800580.82713,5683908000.68641,4908808979.89515,5800492966.22697,6467210368.7113,7141576407.66811,7498460935.45104
"GNI, Atlas method (current US$)",NY.GNP.ATLS.CD,Morocco,MAR,28940332186.3245,45238765198.4595,115776621140.241,111739871285.219,113774920540.881,123094731449.694,128811110535.955,121240535367.995,136320443458.872,139911213545.513,143921185426.809,145352920911.207
"GNI, Atlas method (current US$)",NY.GNP.ATLS.CD,Mozambique,MOZ,..,5947716814.7115,17741679178.9777,15130344379.3329,13449443945.3014,13710432350.8509,14944811390.0129,14778149037.7771,15592881343.7846,16343626291.8256,18203328644.1994,18931957197.5116
"GNI, Atlas method (current US$)",NY.GNP.ATLS.CD,Myanmar,MMR,2016089376.35186,8824634770.87958,62920798231.0318,63559467229.9202,63585330356.4766,68712119604.9055,72902952267.893,70175778614.5869,66036882132.763,69242925602.2217,66551891335.7117,66335706413.5086
"GNI, Atlas method (current US$)",NY.GNP.ATLS.CD,Namibia,NAM,2856187718.15716,4028142861.11975,12290654229.7104,11165440937.0553,11102308051.1635,12039722259.1212,12897673495.782,11564289697.4393,11647853466.2617,12368995253.9891,12698885548.3232,12842007921.5623
"GNI, Atlas method (current US$)",NY.GNP.ATLS.CD,Nauru,NRU,63251703.6653584,31050381.5168609,133230811.380135,129741743.733691,128045321.020243,145630555.145248,182941101.908602,200321491.949659,227107707.357747,265941699.010637,282062992.149368,254038971.924103
"GNI, Atlas method (current US$)",NY.GNP.ATLS.CD,Nepal,NPL,3921071408.57416,5409152952.28273,24128375452.3877,24065937869.437,27232902794.1982,31521660761.3272,35197856079.8989,34584610733.5805,36938812371.0019,41059735664.2406,42392461170.6199,43728566186.8304
"GNI, Atlas method (current US$)",NY.GNP.ATLS.CD,Netherlands,NLD,297620967375.012,448123277461.705,841126067177.281,799505178981.653,799526791416.521,882655591156.132,917690372954.201,895864223306.881,1040224015454.23,1095747833665.87,1118062319927.21,1130796677917.56
"GNI, Atlas method (current US$)",NY.GNP.ATLS.CD,New Caledonia,NCL,2521873010.9248,2817759740.24918,..,..,..,..,10080812186.7485,9915345448.8088,10101141336.6862,10617611116.618,..,..
"GNI, Atlas method (current US$)",NY.GNP.ATLS.CD,New Zealand,NZL,45432471795.3041,54292748554.9568,187468873972.281,186041173607.849,186952697089.699,204151305940.821,214360565741.707,212297671930.898,232870651077.909,249840285237.791,254924418448.294,247066939032.779
"GNI, Atlas method (current US$)",NY.GNP.ATLS.CD,Nicaragua,NIC,1290454072.3181,4891523669.93477,11767931715.2627,12333268218.9241,12954227501.3785,12753883716.2565,12503800873.0221,11864946856.5664,13664492975.3632,14453732162.2716,16085682469.329,17375415690.7325
"GNI, Atlas method (current US$)",NY.GNP.ATLS.CD,Niger,NER,2698457205.21046,2536805745.17687,11120160857.5411,10962186269.202,11171380572.1288,12864418487.9604,13891015055.804,13296851544.1657,14814409554.6042,15121636235.7499,16615185609.3427,17948518499.5849
"GNI, Atlas method (current US$)",NY.GNP.ATLS.CD,Nigeria,NGA,..,..,525527997171.075,463851771590.264,403827850925.038,400473681117.695,429268510688.544,440485380996.946,461011629728.967,472999373332.05,429500770756.847,290800579158.381
"GNI, Atlas method (current US$)",NY.GNP.ATLS.CD,North Macedonia,MKD,..,3881869771.93764,10616363345.1696,10364776724.0245,10241179885.936,11422983931.2634,12241172458.6348,11991596952.4523,12951346580.1172,13863406021.9813,14442675096.5272,14973734979.0005
"GNI, Atlas method (current US$)",NY.GNP.ATLS.CD,Northern Mariana Islands,MNP,..,..,..,..,..,..,..,..,..,..,..,..
"GNI, Atlas method (current US$)",NY.GNP.ATLS.CD,Norway,NOR,112410406407.326,164362339491.391,484804927098.5,428566105287.955,402288424647.034,430121674056.526,440832774359.754,422880078891.794,442237692902.73,514526888862.36,569469005789.024,547619093459.496
"GNI, Atlas method (current US$)",NY.GNP.ATLS.CD,Oman,OMN,10776020245.0424,18408518945.0973,86008933957.9831,81459281965.6456,75492539859.2645,79356570113.6759,81761070273.1588,77326234588.3765,80537322103.5539,91157580213.6776,101086721646.022,101804173723.45
"GNI, Atlas method (current US$)",NY.GNP.ATLS.CD,Pakistan,PAK,42545192073.3638,72913993116.6715,279057636265.841,299994115109.889,323244061611.297,353575600973.585,349835987638.997,321895545822.007,340951455392.402,369161939900.901,360496827801.387,360169510666.142
"GNI, Atlas method (current US$)",NY.GNP.ATLS.CD,Palau,PLW,107190799.222109,131590467.61625,249250969.217479,258397971.407217,270329678.552063,283895810.754684,288717679.029008,274703393.143994,245863361.402725,249483957.866588,249411170.581224,..
"GNI, Atlas method (current US$)",NY.GNP.ATLS.CD,Panama,PAN,6522537937.61608,11463099918.1915,49758978796.3994,53089063524.6337,58342852705.6317,62124192399.3323,66213337208.6891,56094195829.4561,64845747939.1328,74697039838.3306,79685559187.4777,81094782190.9953
"GNI, Atlas method (current US$)",NY.GNP.ATLS.CD,Papua New Guinea,PNG,3425628755.95043,3320882973.29782,22072947314.0216,21605357912.3262,21203311429.5998,21715188607.4209,23213597719.6731,23610383462.4842,23745323168.7972,27493953540.0786,29095066757.8044,31059740717.225
"GNI, Atlas method (current US$)",NY.GNP.ATLS.CD,Paraguay,PRY,5024084382.33687,7669839174.18906,37565487509.6699,36718884863.4264,36853440592.9761,38932441155.3033,38779465600.9578,36666908347.0182,38318433588.8129,40031982051.9484,42454069906.1927,43611163671.4293
"GNI, Atlas method (current US$)",NY.GNP.ATLS.CD,Peru,PER,18572286772.0483,52195930380.0829,193151306253.564,189102637889.763,190677133624.471,207218723976.77,222368957181.825,199612563200.352,217138276928.544,231716014606.043,239687223719.575,256374121483.145
"GNI, Atlas method (current US$)",NY.GNP.ATLS.CD,Philippines,PHL,51230095371.97,91937754095.7773,345550557691.075,357904546274.476,371432741923.545,395267673130.328,416217284047.382,375814681915.26,404198052830.178,456996881689.533,495945375219.935,518146695729.838
"GNI, Atlas method (current US$)",NY.GNP.ATLS.CD,Poland,POL,..,179513390704.778,506155529148.973,483851412618.971,485176602093.963,543540929575.764,588843810762.936,586823664960.353,646111168351.181,703554986789.572,731531886777.502,787995932630.924
"GNI, Atlas method (current US$)",NY.GNP.ATLS.CD,Portugal,PRT,71206698456.3699,125366638733.634,211781682417.26,205986245860.811,206278369620.525,226705452452.974,239111657434.632,225639996501.733,248482180417.761,270048205640.284,276686820967.952,284824883314.613
"GNI, Atlas method (current US$)",NY.GNP.ATLS.CD,Puerto Rico (US),PRI,21029496481.2728,40191416194.7264,67441325336.4586,67145096440.2585,66496767205.5569,67077356722.8761,70395653201.2719,69585297214.48,73657145979.1031,79442489275.4194,80955062045.4344,83046255142.7299
"GNI, Atlas method (current US$)",NY.GNP.ATLS.CD,Qatar,QAT,7499127858.24489,12652540258.9438,188422945058.14,171351029461.957,155078880446.107,163645577536.396,173360494763.851,161310603533.192,167755147234.31,188862743543.997,210974110908.565,219241257234.824
"GNI, Atlas method (current US$)",NY.GNP.ATLS.CD,Romania,ROU,..,38358136545.6576,190388676541.962,186395800378.267,196562660354.471,225322875910.17,246937565656.218,246431178202.053,272523002522.542,294206474354.604,318112425838.494,335653415174.881
"GNI, Atlas method (current US$)",NY.GNP.ATLS.CD,Russian Federation,RUS,..,250287006780.995,1725234111833.65,1426946310645.5,1352318548308.84,1505175092176.55,1655618273843.35,1575000056326.19,1724054546307.45,1891217090352.03,2115823992944.81,2236147772037.87
"GNI, Atlas method (current US$)",NY.GNP.ATLS.CD,Rwanda,RWA,2532923078.19651,2189360562.44179,8555457930.57185,8655609789.18305,8796938557.55339,9589999237.0144,10439961524.8471,10011918343.8753,11252796489.2908,12779808955.9745,13938636239.8417,14790509312.2524
"GNI, Atlas method (current US$)",NY.GNP.ATLS.CD,Samoa,WSM,178017394.707438,255297894.92875,800555759.283326,839309809.251015,841236835.771339,851176551.390598,895730561.574858,860537831.979888,834851763.366082,814489414.297853,914499290.777572,1013886341.38857
"GNI, Atlas method (current US$)",NY.GNP.ATLS.CD,San Marino,SMR,..,..,..,..,1353273833.06158,1442968910.90793,1517287448.11751,1410459934.09348,1650639136.26008,1820312466.95528,..,..
"GNI, Atlas method (current US$)",NY.GNP.ATLS.CD,Sao Tome and Principe,STP,101131034.600543,69584195.175438,279487133.939486,289220678.571843,297476660.161456,349859387.82952,386802644.64269,440554551.128141,493718039.610731,549053133.840769,596230257.779722,653171904.58047
"GNI, Atlas method (current US$)",NY.GNP.ATLS.CD,Saudi Arabia,SAU,119475848127.746,169013820112.433,792663500903.945,741069595045.625,716651063805.422,802358521603.627,875913299153.83,849879171165.464,938247586665.821,1129698327304.53,1224259392155.49,1255607286965.9
"GNI, Atlas method (current US$)",NY.GNP.ATLS.CD,Senegal,SEN,6945199099.37382,6523781773.92043,19152231811.0981,19105759853.2535,19680292635.6589,22063860510.7138,23419237507.2424,24146285127.8514,26409178063.3734,28159265095.5353,29480052747.0121,31045543546.689
"GNI, Atlas method (current US$)",NY.GNP.ATLS.CD,Serbia,SRB,..,12918556850.0496,44027028280.5772,41800438416.3606,40789666305.5076,46752541443.5702,51273444891.8362,53738108866.6066,60779542568.2709,65222614772.3617,71249031845.0553,76209500022.1297
"GNI, Atlas method (current US$)",NY.GNP.ATLS.CD,Seychelles,SYC,373116196.812212,642299701.681202,1378250585.82652,1479557109.59421,1551041984.59826,1704777951.21492,1825490394.73632,1515976372.67298,1484169602.52417,1761739583.8715,1963997119.74676,2119265860.59393
"GNI, Atlas method (current US$)",NY.GNP.ATLS.CD,Sierra Leone,SLE,802289623.18337,659075115.329528,6693772707.13952,6734339474.09851,6216958213.5869,6260259599.19424,6541998153.5227,6654341265.16252,7172392828.32005,7632219241.69199,7340407625.35812,7256029067.6455
"GNI, Atlas method (current US$)",NY.GNP.ATLS.CD,Singapore,SGP,34878922596.4585,95391028847.2284,294216880670.243,299826763586.762,309978778943.893,317812310263.2,333286166554.661,317161903207.914,354562411056.416,377197768442.652,413365031125.188,451255703972.821
"GNI, Atlas method (current US$)",NY.GNP.ATLS.CD,Sint Maarten (Dutch part),SXM,..,..,1194947389.46174,1348523898.8756,1285080899.94416,1236735951.31804,1375327328.94408,1207190200.20134,1306594231.54858,1500898805.35347,1576889375.20212,..
"GNI, Atlas method (current US$)",NY.GNP.ATLS.CD,Slovak Republic,SVK,..,29770301738.9968,96553510482.1868,91774910844.5542,90902042898.7896,100556131470.794,104856800430.149,106011909413.53,114469210653.718,118635763266.289,125331676777.03,129590380484.946
"GNI, Atlas method (current US$)",NY.GNP.ATLS.CD,Slovenia,SVN,..,22272759628.3583,45563690335.4651,44634512813.1724,45541229451.7082,50841323839.9812,54081859572.6446,53362440255.6309,59686506393.7397,62581002790.7412,65714473034.9401,67269510186.4917
"GNI, Atlas method (current US$)",NY.GNP.ATLS.CD,Solomon Islands,SLB,198032569.810864,403543271.127545,1286327346.14651,1327720458.60414,1386105765.9757,1526388740.18559,1610343264.58727,1619266943.95147,1633024777.30806,1658831088.61937,1686545679.97992,1705763897.4064
"GNI, Atlas method (current US$)",NY.GNP.ATLS.CD,Somalia,SOM,1105082030.94392,3269532353.61691,6073307224.43378,6496601660.715,7434407740.46598,7863945243.5806,8352658002.51742,8365495748.17486,9269933417.93532,10096559568.8422,10789752826.2455,11469521445.5618
"GNI, Atlas method (current US$)",NY.GNP.ATLS.CD,South Africa,ZAF,115173365121.461,153695251448.731,365987571936.796,336464353517.478,337179873393.395,366613653756.418,391401530365.677,358941703576.303,389105226033.102,407072893992.154,409784461253.994,390391576221.262
"GNI, Atlas method (current US$)",NY.GNP.ATLS.CD,South Sudan,SSD,..,..,11669229567.3347,..,..,..,..,..,..,..,..,..
"GNI, Atlas method (current US$)",NY.GNP.ATLS.CD,Spain,ESP,473966105689.413,639655213503.294,1332140437760.83,1289771494424.84,1270878045676.5,1381266801787.04,1439902451482.47,1298163119785.96,1441412052672.53,1558498027051.31,1592670274925.59,1630801971423.83
"GNI, Atlas method (current US$)",NY.GNP.ATLS.CD,Sri Lanka,LKA,8052391844.72761,16406829324.6863,82268307150.1374,85315254427.5586,90616814116.0505,94362583639.5747,92038846933.8123,85009368851.4084,88955119526.5602,80376668180.8098,77861585828.8255,84550766012.2108
"GNI, Atlas method (current US$)",NY.GNP.ATLS.CD,St. Kitts and Nevis,KNA,210170193.0242,402166328.59056,878911991.606733,924579584.630431,960600277.837186,1030739517.35985,1111548830.80444,906481578.867368,891790056.96514,981367412.082331,1029395701.57988,1044959755.3167
"GNI, Atlas method (current US$)",NY.GNP.ATLS.CD,St. Lucia,LCA,515340004.866253,871647418.077654,1577921343.17811,1705217012.06565,1809461993.99497,1958014133.52651,1971989189.90381,1525779290.93788,1759372823.34208,2099184232.2281,2230845742.20807,2301595570.75092
"GNI, Atlas method (current US$)",NY.GNP.ATLS.CD,St. Martin (French part),MAF,..,..,..,..,..,..,..,..,..,..,..,..
"GNI, Atlas method (current US$)",NY.GNP.ATLS.CD,St. Vincent and the Grenadines,VCT,226808137.55659,384932427.27234,760856342.448129,795651891.199381,815744079.417867,878368858.539227,906227408.996564,865793310.933347,896994153.288691,970471382.51815,1051852679.26228,1109177122.00618
"GNI, Atlas method (current US$)",NY.GNP.ATLS.CD,Sudan,SDN,20136050225.9097,11328619166.3088,47421486582.6357,47072397102.7486,42957144540.3897,35927417623.4525,32908045442.6554,28180281538.0902,29865119420.1679,35660781578.7022,31963481417.1976,36153767104.5578
"GNI, Atlas method (current US$)",NY.GNP.ATLS.CD,Suriname,SUR,576721316.915967,929683323.788508,4971087894.84739,3920749140.7197,3387511756.87366,3437545872.67923,3612325899.36497,2730375115.40967,2762383680.74702,3138093007.26741,3269153029.64836,3722270584.36612
"GNI, Atlas method (current US$)",NY.GNP.ATLS.CD,Sweden,SWE,237620759849.728,280384853013.234,567474166788.596,535614140283.746,526295259539.643,560529333271.308,577957307216.966,566174867607.342,628383970463.504,655249113695.29,641797291399.097,621736453865.169
"GNI, Atlas method (current US$)",NY.GNP.ATLS.CD,Switzerland,CHE,254862010573.358,320278636734.694,719021489788.098,697964613305.296,682669841352.37,702168451402.392,713128242140.788,706059291137.208,775740708576.965,839128169518.23,851015877368.581,866358987863.238
"GNI, Atlas method (current US$)",NY.GNP.ATLS.CD,Syrian Arab Republic,SYR,10127231858.8453,14831064206.4019,17395487482.4316,14481686882.6268,13780306941.4912,15780828933.2889,19649063847.0177,16700782408.2561,15248211280.9449,15883359000.9313,18235970421.0203,..
"GNI, Atlas method (current US$)",NY.GNP.ATLS.CD,Tajikistan,TJK,..,1067373243.9555,10654541763.1288,9656683965.39559,9110541637.87603,9349340573.58876,9967178068.44328,10041893219.0232,11281996404.1847,13840795739.91,14559659222.6163,17507861514.1942
"GNI, Atlas method (current US$)",NY.GNP.ATLS.CD,Tanzania,TZA,7122417482.45555,13172167840.1789,49153890680.9618,50244433860.4284,51723502711.6679,56492880560.9034,60297100338.5004,62810675650.5635,69029492270.2769,75851649059.0469,79088209750.8918,80000272924.6638
"GNI, Atlas method (current US$)",NY.GNP.ATLS.CD,Thailand,THA,84094450678.7127,124591504495.815,392054945845.02,393271083168.625,412965249600.42,458792730569.847,504708599307.787,494232834583.284,508305991663.962,517512922987.265,515602746220.282,510212864177.827
"GNI, Atlas method (current US$)",NY.GNP.ATLS.CD,Timor-Leste,TLS,..,491500627.628946,2628652339.25103,2122760872.86446,2223579806.9477,2293605514.32097,2828044925.77917,2703776788.2144,2771788367.2703,2486865108.19088,2794680450.33493,2180493930.7608
"GNI, Atlas method (current US$)",NY.GNP.ATLS.CD,Togo,TGO,2151002890.76469,2158814138.24385,6426661268.42903,6258874722.94306,6215747315.81649,6882217427.61402,7273800811.07205,7483901397.21099,8168909590.23457,8809687344.89815,9303802213.53126,9596899827.16815
"GNI, Atlas method (current US$)",NY.GNP.ATLS.CD,Tonga,TON,116412689.331464,206828146.300149,447754146.518606,451354789.451735,468632994.236297,490861458.922955,522297219.588574,541802281.473609,552714534.884158,552811232.797424,577644265.969099,..
"GNI, Atlas method (current US$)",NY.GNP.ATLS.CD,Trinidad and Tobago,TTO,4525320575.2879,6840973752.27686,27837908305.4396,24208635740.8546,22987420493.6489,22841088736.7994,23561794616.5997,20619508733.6443,22328128938.8109,23950540998.9658,27452628891.7545,27367427449.0829
"GNI, Atlas method (current US$)",NY.GNP.ATLS.CD,Tunisia,TUN,11648341434.7139,22079088389.2297,47041033757.4829,45269780061.5945,43115970803.1021,43580024790.3832,42654573641.3337,39134895057.1695,43851526930.8357,47310025486.3692,47002167760.305,47877752567.4947
"GNI, Atlas method (current US$)",NY.GNP.ATLS.CD,Turkiye,TUR,124381709504.095,272932598326.598,944502208992.504,898806316360.493,890530367650.253,867127759543.484,809413523392.419,763819836078.689,841952871536.502,903945921658.251,1000633233312.47,1124431545042.56
"GNI, Atlas method (current US$)",NY.GNP.ATLS.CD,Turkmenistan,TKM,3919388642.92223,2691410074.74567,39142691112.8301,38647183423.6521,36747796295.7056,39436024988.8813,43913046850.6304,46850405211.5669,51032785628.653,56232724634.5389,60768465837.4623,62885456310.1497
"GNI, Atlas method (current US$)",NY.GNP.ATLS.CD,Turks and Caicos Islands,TCA,..,..,855775692.341245,956006711.93696,990268730.253114,1688613408.24342,1536185482.20339,925098881.298429,1243244143.41293,1461751673.75467,1602592297.14841,..
"GNI, Atlas method (current US$)",NY.GNP.ATLS.CD,Tuvalu,TUV,18701562.0850295,22200100.4616255,61921107.8251509,59563672.5203933,57885312.3362061,66944030.2624713,72821244.4884593,71588477.1285004,76523799.5636756,80937989.3563625,86040855.4074839,..
"GNI, Atlas method (current US$)",NY.GNP.ATLS.CD,Uganda,UGA,5638077376.73479,6398433460.21289,31764483697.8048,31612983047.5886,30589270484.8502,32027588153.2621,34728541275.5565,36394154410.5145,39351487061.1322,43852321718.4394,47008068736.6798,50873994245.6084
"GNI, Atlas method (current US$)",NY.GNP.ATLS.CD,Ukraine,UKR,83360951713.1938,33604431514.6179,119857800361.306,100779533554.926,100202410390.116,116377495903.847,139084746178.16,149174072093.858,169966914541.839,151667907906.327,175456738817.271,184634530924.168
"GNI, Atlas method (current US$)",NY.GNP.ATLS.CD,United Arab Emirates,ARE,55495216417.9128,98424973047.7077,412572607046.62,399842928112.26,381717868803.34,405354216876.765,425698094940.86,386387183794.981,408246550753.54,464198958277.277,513949457950.404,538363555456.808
"GNI, Atlas method (current US$)",NY.GNP.ATLS.CD,United Kingdom,GBR,1064279870753.93,1732680329891.74,2890109140646.19,2818569770728.92,2752314531229.67,2792635759247.15,2889761722675.12,2599743823013.36,3053283940457.14,3318004308362.22,3325832141528.02,3365232730555.11
"GNI, Atlas method (current US$)",NY.GNP.ATLS.CD,United States,USA,6103444554973.15,10054325774282.8,18033513487062.7,18485315092450.6,19290616424259.7,20772065618165.6,21799124530569.6,21532250444734.8,23742941133720.2,25740799806442.5,27184018450218.2,28455051806571.5
"GNI, Atlas method (current US$)",NY.GNP.ATLS.CD,Uruguay,URY,8841421525.05719,23456558225.78,57498586686.4027,55711409034.2422,56644972568.5326,60079435057.4154,62472655580.9789,54837515068.7868,55090672503.8753,60734317083.6997,67244196236.4091,73085254275.2242
"GNI, Atlas method (current US$)",NY.GNP.ATLS.CD,Uzbekistan,UZB,12898746566.6375,15434001190.1377,85736607646.7599,88829120450.3141,83669101103.1814,75631437214.8638,70781687308.7031,67106860770.1739,76914592711.8799,87231955128.389,98081237943.9595,109649235867.002
"GNI, Atlas method (current US$)",NY.GNP.ATLS.CD,Vanuatu,VUT,181235674.184787,264001839.421669,792663349.706706,808642308.155731,834463047.729942,932030677.801767,1091541554.77133,1013994522.59747,1076356224.9278,1206331358.56529,1228479801.52652,1291558918.36525
"GNI, Atlas method (current US$)",NY.GNP.ATLS.CD,"Venezuela, RB",VEN,52436274147.8005,99732734567.4574,..,..,..,..,..,..,..,..,..,..
"GNI, Atlas method (current US$)",NY.GNP.ATLS.CD,Viet Nam,VNM,8528434790.72779,30203568807.3992,228398373125.457,240485782014.193,255477906845.945,290784413858.686,319511868951.44,333828705279.758,350317100943.686,397041416272.186,416120740793.914,453512405007.216
"GNI, Atlas method (current US$)",NY.GNP.ATLS.CD,Virgin Islands (U.S.),VIR,..,..,..,..,..,..,..,..,..,..,..,..
"GNI, Atlas method (current US$)",NY.GNP.ATLS.CD,West Bank and Gaza,PSE,..,4537651480.52139,15666018698.7977,17032221491.36,17506623960.981,19139116911.1186,19656679818.4397,17762574412.5611,21000435319.6176,23810735951.7193,22267481272.3536,16295064903.4166
"GNI, Atlas method (current US$)",NY.GNP.ATLS.CD,"Yemen, Rep.",YEM,..,7425449925.601,31990154388.5197,31072960596.9902,29262776787.599,25287123599.6855,..,..,..,..,..,..
"GNI, Atlas method (current US$)",NY.GNP.ATLS.CD,Zambia,ZMB,3490935840.12676,3487043861.72593,25049035690.5691,22389749581.9771,21932560681.9558,25037251615.8839,25612431946.7295,21395586474.5802,20349541094.4186,23399804612.2874,26731807415.2853,26958917049.7273
"GNI, Atlas method (current US$)",NY.GNP.ATLS.CD,Zimbabwe,ZWE,7446656126.13476,4218116060.64918,19084589056.5728,18102628869.018,24892876545.3325,32220673428.4952,33155244232.8908,26266212507.7385,27495692595.5089,31469843197.6178,33687121588.1961,37646160930.5713
"GNI, Atlas method (current US$)",NY.GNP.ATLS.CD,Africa Eastern and Southern,AFE,226620824759.85,266708906035.062,924872638832.362,866479681043.587,871344338817.029,939037497196.042,1007124126947.38,959506509293.059,1035733785828.68,1123381614450.6,1174953343814.1,1211953155272.64
"GNI, Atlas method (current US$)",NY.GNP.ATLS.CD,Africa Western and Central,AFW,..,..,831844907179.016,758331524818.274,698507989868.196,729888438876.286,781975661334.847,802259257671.841,848756799808.03,891731399132.943,864546552284.64,741723617353.383
"GNI, Atlas method (current US$)",NY.GNP.ATLS.CD,Arab World,ARB,586414469035.48,696920617698.936,2832776751822.31,2707246616060.47,2582906093624.84,2748265287372.27,2912580816228.49,2748372067199.77,2975758016578.23,3421684808927.61,3659759303744.52,3728037775237.86
"GNI, Atlas method (current US$)",NY.GNP.ATLS.CD,Caribbean small states,CSS,12850941078.9499,23436165502.4152,60635009171.9669,56577448614.7247,56136492901.9864,57693147315.5162,59936508307.9918,53070488047.6693,57601684583.092,65176742606.3687,76905450235.0048,81113136906.2415
"GNI, Atlas method (current US$)",NY.GNP.ATLS.CD,Central Europe and the Baltics,CEB,..,444532101605.791,1370023130565.86,1324059439617.02,1346198126893.43,1514555647103.41,1643355708995.4,1633235051368.43,1811872574408.1,1957216731770.32,2069765339359,2177563991524.65
"GNI, Atlas method (current US$)",NY.GNP.ATLS.CD,Early-demographic dividend,EAR,1835700299793.9,3148661644227.77,10572151696530.9,10591947232628.2,10923417023240,11660361942114.3,12041501328492.4,11258286414669.5,12520845722312.7,13927394538972.3,14956535314701,15532422786129.9
"GNI, Atlas method (current US$)",NY.GNP.ATLS.CD,East Asia & Pacific,EAS,5098410148312.65,7943045239894.33,22740913386272.1,23086919428773.7,24044821340122.1,26244940623350.8,27813689543137.8,27852202759175.4,30823990852620.1,32542869635907.1,33189681732887.9,32781776628385.7
"GNI, Atlas method (current US$)",NY.GNP.ATLS.CD,East Asia & Pacific (excluding high income),EAP,677968511987.817,1667163126951.49,13423280313692.9,13961476129480.2,14783933980258.3,16329497651472.8,17690760023077.3,17952091917264.4,20214619465129.6,21839511517644.7,22779413939195.6,22759492297435.4
"GNI, Atlas method (current US$)",NY.GNP.ATLS.CD,East Asia & Pacific (IDA & IBRD countries),TEA,677288112283.397,1665233467346.62,13406816492289,13944342526798.3,14765778422964.8,16309433553191.2,17669029664173.4,17930036951255.6,20189722958670.5,21812618215790.2,22751357102258.8,22731480158077.3
"GNI, Atlas method (current US$)",NY.GNP.ATLS.CD,Euro area,EMU,5483314223902.13,7139950720310.85,12955018894687.9,12533928818831.7,12371925380792.8,13453900334010.3,13978327076403.6,13266835617538.9,14730982055153.6,15517682566699.6,15610678709892.3,15642454184787.5
"GNI, Atlas method (current US$)",NY.GNP.ATLS.CD,Europe & Central Asia,ECS,8251239150388.68,10829816673436.5,22474381955820.3,21388169336514.9,21012798798373.2,22549816032164.7,23488296405483.5,22315678390727.2,24873105222628.3,26511255931778.7,27191665209961.5,27664411073920.5
"GNI, Atlas method (current US$)",NY.GNP.ATLS.CD,Europe & Central Asia (excluding high income),ECA,311064589323.741,399930470229.073,1669009026223.6,1528816702161.3,1491789100967.18,1502531551706.54,1506739580616.57,1467991069444.22,1617259609147.49,1727382156497.63,1931171516089.77,2145421953826.8
"GNI, Atlas method (current US$)",NY.GNP.ATLS.CD,Europe & Central Asia (IDA & IBRD countries),TEC,..,905111648945.95,4200375100312.26,3732344652371.37,3633538652326.43,3894648024639.62,4126292363671.94,4001624803714.65,4403820681436.69,4775760142549.99,5268106334099.83,5689309261580.7
"GNI, Atlas method (current US$)",NY.GNP.ATLS.CD,European Union,EUU,6015572915307.6,7938239435004.42,14939039188115.5,14439333527546.4,14283844094403.4,15564124427310,16227019962064.6,15493414682443.8,17207960514506.2,18163349167988.9,18337322139757.9,18442551094077.4
"GNI, Atlas method (current US$)",NY.GNP.ATLS.CD,Fragile and conflict affected situations,FCS,..,..,1744686322548.91,1620967146710.75,1550544755786.07,1641473550744.14,1771303649589.2,1707770594415.89,1782882023688.42,1873843585327.42,1917006425475.44,1834884217715.3
"GNI, Atlas method (current US$)",NY.GNP.ATLS.CD,Heavily indebted poor countries (HIPC),HPC,149346148772.667,160897540388.102,686899987515.578,686620508836.34,698241406680.807,755080197364.168,802568750300.711,812999737487.091,874425511857.192,956774005635.01,1020451538555.21,1090007701291.83
"GNI, Atlas method (current US$)",NY.GNP.ATLS.CD,High income,HIC,19435423341841.9,28134075357018.9,52403487207015.3,51496377256009.8,52037096076380.6,56019476378221.8,58448117459154.5,56582350008075.9,62382310344317,66642418074694.1,68615503578965.3,69902272427909.7
"GNI, Atlas method (current US$)",NY.GNP.ATLS.CD,IBRD only,IBD,3440517254599.43,5691431889500.8,26989115964858.4,26728383593048.1,27578858807706.1,29967162634289.8,31849590572083.7,30985256430622.4,34531843253243.5,37445510966882.4,39788434560740.8,40664333953156.9
"GNI, Atlas method (current US$)",NY.GNP.ATLS.CD,IDA & IBRD total,IBT,3815193434235.02,6198068444472.14,29158666600717.7,28896634780014.5,29774794052979.2,32337712248374.5,34351557772608.8,33472980767891.3,37199298419411.2,40317732859293.9,42697101443328.3,43535087288035.4
"GNI, Atlas method (current US$)",NY.GNP.ATLS.CD,IDA blend,IDB,..,..,1115441434234.08,1081613904652.52,1048176731343.69,1098049862666.56,1139343911899.88,1114964793979.94,1186777605514.45,1263994312125.85,1235014912674.08,1119693191447.43
"GNI, Atlas method (current US$)",NY.GNP.ATLS.CD,IDA only,IDX,206111852650.562,254047254450.777,1053572668591.86,1085920858109.67,1147408159885.96,1272265457397.96,1362538941221.33,1372172380304.86,1481011787761.3,1608781138964.99,1675588854369.47,1753999357704.12
"GNI, Atlas method (current US$)",NY.GNP.ATLS.CD,IDA total,IDA,404733766596.957,517799250111.307,2169014102825.94,2167534762762.2,2195584891229.65,2370315320064.52,2501882853121.21,2487137174284.8,2667789393275.75,2872775451090.85,2910603767043.55,2873692549151.55
"GNI, Atlas method (current US$)",NY.GNP.ATLS.CD,Late-demographic dividend,LTE,1888972977161.19,3358348638246.53,19422090716685.5,19195380134670.8,19796007261715.8,21754424782007.3,23423140868231,23237363062745.4,25863215716735.7,27879985393125.9,29409219879028.8,29803556222955.7
"GNI, Atlas method (current US$)",NY.GNP.ATLS.CD,Latin America & Caribbean,LCN,996003723366.648,2197265283877.31,5734549905429.88,5327306292892.16,5306611503102.03,5569141363313.01,5684008467499.16,5016474394101.71,5377322237658.14,5812682097805.37,6359347010063.92,6750463233444.87
"GNI, Atlas method (current US$)",NY.GNP.ATLS.CD,Latin America & Caribbean (excluding high income),LAC,855900933114.753,1902330367585.78,4915407912952.14,4537860913435.04,4507767275471.67,4716212190953.04,4802962480422.71,4227053421526.14,4509274485472.7,4877849772704.85,5356047581092.33,5710009249219.27
"GNI, Atlas method (current US$)",NY.GNP.ATLS.CD,Latin America & the Caribbean (IDA & IBRD countries),TLA,939986306131.15,2111631128549.71,5558491102106.97,5147510934883.01,5120607348989.16,5372663283811.38,5479715147332.15,4830389097937.17,5176170268934.28,5595102337235.43,6128732763752.33,6508702279139.85
"GNI, Atlas method (current US$)",NY.GNP.ATLS.CD,Least developed countries: UN classification,LDC,179179181812.405,203729973132.681,945147608563.041,942105542632.876,982211296697.111,1087621567062.99,1175539260835.95,1182157760889.23,1275865316453.41,1404643705986.23,1470862750676.71,1530947575104.17
"GNI, Atlas method (current US$)",NY.GNP.ATLS.CD,Low & middle income,LMY,3077646008096.14,5488033934436.39,25952978243350.1,26026965580217,26945680179353.2,29197279274046.8,30943056307772.3,30200182907083.5,33591562311114.7,36382119133312,38400807584235.2,38975078718960.9
"GNI, Atlas method (current US$)",NY.GNP.ATLS.CD,Low income,LIC,103093677665.554,92463443775.4354,348777110765.461,333795840982.71,323099493379.486,330483474257.359,349710095910.314,342295299359.728,360146648425.784,392225058013.238,409345746526.733,431376931538.199
"GNI, Atlas method (current US$)",NY.GNP.ATLS.CD,Lower middle income,LMC,782661935400.341,1218878231849.92,5142689198240.82,5298407013927.78,5516482745527.13,6010945085456.86,6342735364831.54,6083582643480.03,6761770533515,7450583814166.44,7803964890289.48,7878142128840.57
"GNI, Atlas method (current US$)",NY.GNP.ATLS.CD,"Middle East, North Africa, Afghanistan & Pakistan",MEA,812654563943.681,1005220639797.79,3842869549568.46,3752878933733.57,3682141613054.81,3908520961832.5,4041763755598.53,3786268224725.12,4108599907959.83,4664044696452.22,4955395466555.26,5020271959420.22
"GNI, Atlas method (current US$)",NY.GNP.ATLS.CD,"Middle East, North Africa, Afghanistan & Pakistan (excluding high income)",MNA,529781573997.602,529372165396.425,1849133712164.8,1857273871688.4,1842613521166.16,1893925605768.34,1872357306371.07,1716239784042.54,1836419121503.62,2019786949886.98,2102558106691.36,2111328211299.27
"GNI, Atlas method (current US$)",NY.GNP.ATLS.CD,"Middle East, North Africa, Afghanistan & Pakistan (IDA & IBRD)",TMN,524971601001.578,524826600488.665,1833467693466,1840241650197.04,1825106897205.18,1874786488857.22,1852700626552.63,1698477209629.97,1815418686184,1995976213935.26,2080290625419.01,2095033146395.85
"GNI, Atlas method (current US$)",NY.GNP.ATLS.CD,Middle income,MIC,2982180760044.48,5396485534612.16,25604851041200.9,25693020106861.4,26621298148887.2,28864422160708.6,30590803869843.3,29855452425681.8,33227739017877.3,35986013556841,37987147732356.9,38540071223186.8
"GNI, Atlas method (current US$)",NY.GNP.ATLS.CD,North America,NAC,6677873226089.08,10756548843221.6,19738958463890.2,20077233674167.1,20865720415681.5,22450060422303.6,23558873600145.6,23208675455976.3,25627487318217.5,27846114611093.1,29383603008632.3,30666434545601.4
"GNI, Atlas method (current US$)",NY.GNP.ATLS.CD,Not classified,INX,..,..,..,..,..,..,..,..,..,..,..,..
"GNI, Atlas method (current US$)",NY.GNP.ATLS.CD,OECD members,OED,18688165112169.6,27708272611875,49739360521788.8,49051047899844.2,49577887450211.5,53170441760851.3,55229610416881.3,53405646606951.2,58922382917782.7,62753811971927.3,64456774224304.9,65718475429576.7
"GNI, Atlas method (current US$)",NY.GNP.ATLS.CD,Other small states,OSS,30077622473.9665,47218341299.6258,130044073467.758,128087895291.528,132701847879.972,148432360132.983,159504631460.518,148443411555.022,161964789949.999,175430982833.765,186012334413.064,191307156044.248
"GNI, Atlas method (current US$)",NY.GNP.ATLS.CD,Pacific island small states,PSS,2484876360.6868,3630412018.01061,9235066423.34949,9449346589.13207,9694064160.0438,10562378358.0568,10994283363.5611,9978267098.23574,9924397447.36379,11022167334.4459,11532515240.2735,11791539748.8731
"GNI, Atlas method (current US$)",NY.GNP.ATLS.CD,Post-demographic dividend,PST,18333585662641.3,26559496859678.1,46672395822961,46168718822532.1,46782239935983.5,50241134265252.6,52240773134304.5,50583081006401.8,55765670038852.4,59252876979932,60701605985995.8,61718518962317.9
"GNI, Atlas method (current US$)",NY.GNP.ATLS.CD,Pre-demographic dividend,PRE,..,..,1412074916992.4,1295027861658.38,1199047212991.34,1257811740069.28,1367607252278.65,1346103016926.61,1420354598751.82,1540933278463.56,1567054914383.87,1475499370988.81
"GNI, Atlas method (current US$)",NY.GNP.ATLS.CD,Small states,SST,45476694998.8708,74323546934.7718,199932388327.914,194113318081.989,198513152897.618,216666025461.236,230411785599.702,211469988681.284,229466597065.994,251603785046.756,274478786653.115,283967393694.825
"GNI, Atlas method (current US$)",NY.GNP.ATLS.CD,South Asia,SAS,379686283455.488,545613316203.709,2400878351475.22,2587776761198.31,2830717215189.1,3176295071309.16,3380051828640.11,3172448012214.87,3633313606172.83,4017988255064.99,4327708967624.16,4466224023019.65
"GNI, Atlas method (current US$)",NY.GNP.ATLS.CD,South Asia (IDA & IBRD),TSA,379686283455.488,545613316203.709,2400878351475.22,2587776761198.31,2830717215189.1,3176295071309.16,3380051828640.11,3172448012214.87,3633313606172.83,4017988255064.99,4327708967624.16,4466224023019.65
"GNI, Atlas method (current US$)",NY.GNP.ATLS.CD,Sub-Saharan Africa,SSF,390222744939.179,449732680482.797,1756717546011.38,1624811205861.86,1569852328685.23,1668925936072.33,1789099788282.22,1761765766964.9,1884490585636.71,2015113013583.54,2039499896098.74,1953676772626.02
"GNI, Atlas method (current US$)",NY.GNP.ATLS.CD,Sub-Saharan Africa (excluding high income),SSA,375433161546.189,440785538199.735,1695269188516.23,1554388878065.35,1489922615660.07,1580358914759.47,1692302012198.42,1657606307786.81,1769430208482.51,1887225567629.86,1894866298486.33,1778729298162.75
"GNI, Atlas method (current US$)",NY.GNP.ATLS.CD,Sub-Saharan Africa (IDA & IBRD countries),TSS,390222744939.18,449732680482.798,1756717546011.38,1624811205861.86,1569852328685.22,1668925936072.33,1789099788282.22,1761765766964.9,1884490585636.71,2015113013583.54,2039499896098.74,1953676772626.02
"GNI, Atlas method (current US$)",NY.GNP.ATLS.CD,Upper middle income,UMC,2214941773140.71,4187487766425.72,20462161842960,20394613092933.6,21104815403360.1,22853477075251.7,24248068505011.7,23772315716524.3,26466502307270.6,28535474890541.4,30183485209963,30662400610778.1
"GNI, Atlas method (current US$)",NY.GNP.ATLS.CD,World,WLD,22626173211021.8,33777848944100.4,78688407161718.4,77861429125070,79335549169972.9,85599719547916.2,89796870253874.7,87186377163877.4,96419935157609.8,103506566799039,107527009462139,109422867325249
,,,,,,,,,,,,,,,
,,,,,,,,,,,,,,,
,,,,,,,,,,,,,,,
Data from database: World Development Indicators,,,,,,,,,,,,,,,
Last Updated: 07/01/2025,,,,,,,,,,,,,,,
